[{"id": 1444053, "description": "", "name": "fsm_utils", "name_with_namespace": "NASA JSC Robotics / fsm_utils", "path": "fsm_utils", "path_with_namespace": "nasa-jsc-robotics/fsm_utils", "created_at": "2016-07-25T21:29:26.571Z", "default_branch": "develop", "tag_list": [], "ssh_url_to_repo": "git@gitlab.com:nasa-jsc-robotics/fsm_utils.git", "http_url_to_repo": "https://gitlab.com/nasa-jsc-robotics/fsm_utils.git", "web_url": "https://gitlab.com/nasa-jsc-robotics/fsm_utils", "readme_url": null, "avatar_url": "https://assets.gitlab-static.net/uploads/-/system/project/avatar/1444053/nc-sq.png", "star_count": 0, "forks_count": 0, "last_activity_at": "2018-10-15T14:32:58.976Z", "namespace": {"id": 680263, "name": "NASA JSC Robotics", "path": "nasa-jsc-robotics", "kind": "group", "full_path": "nasa-jsc-robotics", "parent_id": null}}, {"id": 6516560, "description": "Qt GUI to export ROS bag topics to files (CSV and/or video)", "name": "rqt_bag_exporter", "name_with_namespace": "InstitutMaupertuis / rqt_bag_exporter", "path": "rqt_bag_exporter", "path_with_namespace": "InstitutMaupertuis/rqt_bag_exporter", "created_at": "2018-05-28T14:41:18.856Z", "default_branch": "melodic", "tag_list": ["Robot Operating System", "ros"], "ssh_url_to_repo": "git@gitlab.com:InstitutMaupertuis/rqt_bag_exporter.git", "http_url_to_repo": "https://gitlab.com/InstitutMaupertuis/rqt_bag_exporter.git", "web_url": "https://gitlab.com/InstitutMaupertuis/rqt_bag_exporter", "readme_url": "https://gitlab.com/InstitutMaupertuis/rqt_bag_exporter/blob/melodic/README.md", "avatar_url": "https://assets.gitlab-static.net/uploads/-/system/project/avatar/6516560/rqt_bag_exporter.png", "star_count": 2, "forks_count": 0, "last_activity_at": "2019-02-25T10:34:46.106Z", "namespace": {"id": 487842, "name": "InstitutMaupertuis", "path": "InstitutMaupertuis", "kind": "group", "full_path": "InstitutMaupertuis", "parent_id": null}}, {"id": 1443874, "description": "", "name": "robodyn_ros", "name_with_namespace": "NASA JSC Robotics / robodyn_ros", "path": "robodyn_ros", "path_with_namespace": "nasa-jsc-robotics/robodyn_ros", "created_at": "2016-07-25T20:16:04.077Z", "default_branch": "develop", "tag_list": [], "ssh_url_to_repo": "git@gitlab.com:nasa-jsc-robotics/robodyn_ros.git", "http_url_to_repo": "https://gitlab.com/nasa-jsc-robotics/robodyn_ros.git", "web_url": "https://gitlab.com/nasa-jsc-robotics/robodyn_ros", "readme_url": null, "avatar_url": "https://assets.gitlab-static.net/uploads/-/system/project/avatar/1443874/R2.png", "star_count": 0, "forks_count": 0, "last_activity_at": "2018-10-16T13:55:31.855Z", "namespace": {"id": 680263, "name": "NASA JSC Robotics", "path": "nasa-jsc-robotics", "kind": "group", "full_path": "nasa-jsc-robotics", "parent_id": null}}, {"id": 1443913, "description": "", "name": "r2_moveit_config", "name_with_namespace": "NASA JSC Robotics / r2_moveit_config", "path": "r2_moveit_config", "path_with_namespace": "nasa-jsc-robotics/r2_moveit_config", "created_at": "2016-07-25T20:31:03.159Z", "default_branch": "develop", "tag_list": [], "ssh_url_to_repo": "git@gitlab.com:nasa-jsc-robotics/r2_moveit_config.git", "http_url_to_repo": "https://gitlab.com/nasa-jsc-robotics/r2_moveit_config.git", "web_url": "https://gitlab.com/nasa-jsc-robotics/r2_moveit_config", "readme_url": null, "avatar_url": "https://assets.gitlab-static.net/uploads/-/system/project/avatar/1443913/R2.png", "star_count": 1, "forks_count": 2, "last_activity_at": "2019-03-28T22:14:12.527Z", "namespace": {"id": 680263, "name": "NASA JSC Robotics", "path": "nasa-jsc-robotics", "kind": "group", "full_path": "nasa-jsc-robotics", "parent_id": null}}, {"id": 1443865, "description": "", "name": "robodyn_controllers", "name_with_namespace": "NASA JSC Robotics / robodyn_controllers", "path": "robodyn_controllers", "path_with_namespace": "nasa-jsc-robotics/robodyn_controllers", "created_at": "2016-07-25T20:11:58.863Z", "default_branch": "develop", "tag_list": [], "ssh_url_to_repo": "git@gitlab.com:nasa-jsc-robotics/robodyn_controllers.git", "http_url_to_repo": "https://gitlab.com/nasa-jsc-robotics/robodyn_controllers.git", "web_url": "https://gitlab.com/nasa-jsc-robotics/robodyn_controllers", "readme_url": null, "avatar_url": "https://assets.gitlab-static.net/uploads/-/system/project/avatar/1443865/R2.png", "star_count": 0, "forks_count": 0, "last_activity_at": "2018-10-16T14:16:28.276Z", "namespace": {"id": 680263, "name": "NASA JSC Robotics", "path": "nasa-jsc-robotics", "kind": "group", "full_path": "nasa-jsc-robotics", "parent_id": null}}, {"id": 1443954, "description": "", "name": "iss_taskboard_gazebo", "name_with_namespace": "NASA JSC Robotics / iss_taskboard_gazebo", "path": "iss_taskboard_gazebo", "path_with_namespace": "nasa-jsc-robotics/iss_taskboard_gazebo", "created_at": "2016-07-25T20:48:09.848Z", "default_branch": "develop", "tag_list": [], "ssh_url_to_repo": "git@gitlab.com:nasa-jsc-robotics/iss_taskboard_gazebo.git", "http_url_to_repo": "https://gitlab.com/nasa-jsc-robotics/iss_taskboard_gazebo.git", "web_url": "https://gitlab.com/nasa-jsc-robotics/iss_taskboard_gazebo", "readme_url": null, "avatar_url": "https://assets.gitlab-static.net/uploads/-/system/project/avatar/1443954/R2.png", "star_count": 0, "forks_count": 0, "last_activity_at": "2018-10-16T21:00:25.639Z", "namespace": {"id": 680263, "name": "NASA JSC Robotics", "path": "nasa-jsc-robotics", "kind": "group", "full_path": "nasa-jsc-robotics", "parent_id": null}}, {"id": 1443862, "description": "", "name": "robot_instance", "name_with_namespace": "NASA JSC Robotics / robot_instance", "path": "robot_instance", "path_with_namespace": "nasa-jsc-robotics/robot_instance", "created_at": "2016-07-25T20:11:29.944Z", "default_branch": "develop", "tag_list": [], "ssh_url_to_repo": "git@gitlab.com:nasa-jsc-robotics/robot_instance.git", "http_url_to_repo": "https://gitlab.com/nasa-jsc-robotics/robot_instance.git", "web_url": "https://gitlab.com/nasa-jsc-robotics/robot_instance", "readme_url": null, "avatar_url": "https://assets.gitlab-static.net/uploads/-/system/project/avatar/1443862/R2.png", "star_count": 0, "forks_count": 0, "last_activity_at": "2018-10-15T20:38:12.015Z", "namespace": {"id": 680263, "name": "NASA JSC Robotics", "path": "nasa-jsc-robotics", "kind": "group", "full_path": "nasa-jsc-robotics", "parent_id": null}}, {"id": 1443958, "description": "", "name": "hayai", "name_with_namespace": "NASA JSC Robotics / hayai", "path": "hayai", "path_with_namespace": "nasa-jsc-robotics/hayai", "created_at": "2016-07-25T20:49:06.578Z", "default_branch": "develop", "tag_list": [], "ssh_url_to_repo": "git@gitlab.com:nasa-jsc-robotics/hayai.git", "http_url_to_repo": "https://gitlab.com/nasa-jsc-robotics/hayai.git", "web_url": "https://gitlab.com/nasa-jsc-robotics/hayai", "readme_url": "https://gitlab.com/nasa-jsc-robotics/hayai/blob/develop/README.md", "avatar_url": "https://assets.gitlab-static.net/uploads/-/system/project/avatar/1443958/R2.png", "star_count": 0, "forks_count": 0, "last_activity_at": "2018-10-10T18:06:52.254Z", "namespace": {"id": 680263, "name": "NASA JSC Robotics", "path": "nasa-jsc-robotics", "kind": "group", "full_path": "nasa-jsc-robotics", "parent_id": null}}, {"id": 1443917, "description": "", "name": "r2_gazebo_interface", "name_with_namespace": "NASA JSC Robotics / r2_gazebo_interface", "path": "r2_gazebo_interface", "path_with_namespace": "nasa-jsc-robotics/r2_gazebo_interface", "created_at": "2016-07-25T20:32:43.606Z", "default_branch": "develop", "tag_list": [], "ssh_url_to_repo": "git@gitlab.com:nasa-jsc-robotics/r2_gazebo_interface.git", "http_url_to_repo": "https://gitlab.com/nasa-jsc-robotics/r2_gazebo_interface.git", "web_url": "https://gitlab.com/nasa-jsc-robotics/r2_gazebo_interface", "readme_url": null, "avatar_url": "https://assets.gitlab-static.net/uploads/-/system/project/avatar/1443917/R2.png", "star_count": 0, "forks_count": 0, "last_activity_at": "2019-03-14T20:56:58.274Z", "namespace": {"id": 680263, "name": "NASA JSC Robotics", "path": "nasa-jsc-robotics", "kind": "group", "full_path": "nasa-jsc-robotics", "parent_id": null}}, {"id": 1443908, "description": "", "name": "r2_msgs", "name_with_namespace": "NASA JSC Robotics / r2_msgs", "path": "r2_msgs", "path_with_namespace": "nasa-jsc-robotics/r2_msgs", "created_at": "2016-07-25T20:29:42.974Z", "default_branch": "develop", "tag_list": [], "ssh_url_to_repo": "git@gitlab.com:nasa-jsc-robotics/r2_msgs.git", "http_url_to_repo": "https://gitlab.com/nasa-jsc-robotics/r2_msgs.git", "web_url": "https://gitlab.com/nasa-jsc-robotics/r2_msgs", "readme_url": null, "avatar_url": "https://assets.gitlab-static.net/uploads/-/system/project/avatar/1443908/R2.png", "star_count": 0, "forks_count": 0, "last_activity_at": "2018-10-16T13:40:09.097Z", "namespace": {"id": 680263, "name": "NASA JSC Robotics", "path": "nasa-jsc-robotics", "kind": "group", "full_path": "nasa-jsc-robotics", "parent_id": null}}, {"id": 2250285, "description": "C++ library to create Fanuc programs (.LS) for robots", "name": "fanuc_post_processor", "name_with_namespace": "InstitutMaupertuis / fanuc_post_processor", "path": "fanuc_post_processor", "path_with_namespace": "InstitutMaupertuis/fanuc_post_processor", "created_at": "2017-01-03T14:57:48.824Z", "default_branch": "melodic", "tag_list": ["Robot Operating System", "fanuc", "ros"], "ssh_url_to_repo": "git@gitlab.com:InstitutMaupertuis/fanuc_post_processor.git", "http_url_to_repo": "https://gitlab.com/InstitutMaupertuis/fanuc_post_processor.git", "web_url": "https://gitlab.com/InstitutMaupertuis/fanuc_post_processor", "readme_url": "https://gitlab.com/InstitutMaupertuis/fanuc_post_processor/blob/melodic/README.md", "avatar_url": "https://assets.gitlab-static.net/uploads/-/system/project/avatar/2250285/fanuc_post_processor.png", "star_count": 2, "forks_count": 0, "last_activity_at": "2019-04-26T09:06:24.447Z", "namespace": {"id": 487842, "name": "InstitutMaupertuis", "path": "InstitutMaupertuis", "kind": "group", "full_path": "InstitutMaupertuis", "parent_id": null}}, {"id": 454881, "description": "Two simple nodes that can be used as mediators for shell commands.", "name": "rosshell", "name_with_namespace": "OvGU-ESS / rosshell", "path": "rosshell", "path_with_namespace": "OvGU-ESS/rosshell", "created_at": "2015-09-09T11:46:51.402Z", "default_branch": "master", "tag_list": [], "ssh_url_to_repo": "git@gitlab.com:OvGU-ESS/rosshell.git", "http_url_to_repo": "https://gitlab.com/OvGU-ESS/rosshell.git", "web_url": "https://gitlab.com/OvGU-ESS/rosshell", "readme_url": "https://gitlab.com/OvGU-ESS/rosshell/blob/master/README.md", "avatar_url": "https://assets.gitlab-static.net/uploads/-/system/project/avatar/454881/rosshell.png", "star_count": 0, "forks_count": 0, "last_activity_at": "2015-09-14T08:27:23.022Z", "namespace": {"id": 226174, "name": "OvGU-ESS", "path": "OvGU-ESS", "kind": "group", "full_path": "OvGU-ESS", "parent_id": null}}, {"id": 1443892, "description": "", "name": "r2_supervisors_control", "name_with_namespace": "NASA JSC Robotics / r2_supervisors_control", "path": "r2_supervisors_control", "path_with_namespace": "nasa-jsc-robotics/r2_supervisors_control", "created_at": "2016-07-25T20:25:38.867Z", "default_branch": "develop", "tag_list": [], "ssh_url_to_repo": "git@gitlab.com:nasa-jsc-robotics/r2_supervisors_control.git", "http_url_to_repo": "https://gitlab.com/nasa-jsc-robotics/r2_supervisors_control.git", "web_url": "https://gitlab.com/nasa-jsc-robotics/r2_supervisors_control", "readme_url": null, "avatar_url": "https://assets.gitlab-static.net/uploads/-/system/project/avatar/1443892/R2.png", "star_count": 0, "forks_count": 0, "last_activity_at": "2018-10-15T20:42:14.448Z", "namespace": {"id": 680263, "name": "NASA JSC Robotics", "path": "nasa-jsc-robotics", "kind": "group", "full_path": "nasa-jsc-robotics", "parent_id": null}}, {"id": 462045, "description": "Library and tools for dynamically storing ROS messages in Apache Cassandra. ", "name": "cassandra_ros", "name_with_namespace": "OvGU-ESS / cassandra_ros", "path": "cassandra_ros", "path_with_namespace": "OvGU-ESS/cassandra_ros", "created_at": "2015-09-13T12:51:02.733Z", "default_branch": "master", "tag_list": [], "ssh_url_to_repo": "git@gitlab.com:OvGU-ESS/cassandra_ros.git", "http_url_to_repo": "https://gitlab.com/OvGU-ESS/cassandra_ros.git", "web_url": "https://gitlab.com/OvGU-ESS/cassandra_ros", "readme_url": "https://gitlab.com/OvGU-ESS/cassandra_ros/blob/master/README.md", "avatar_url": "https://assets.gitlab-static.net/uploads/-/system/project/avatar/462045/cassandra_ros.png", "star_count": 0, "forks_count": 0, "last_activity_at": "2015-11-01T12:21:02.955Z", "namespace": {"id": 226174, "name": "OvGU-ESS", "path": "OvGU-ESS", "kind": "group", "full_path": "OvGU-ESS", "parent_id": null}}, {"id": 7638208, "description": "Draw graphs from ROS topics values in RViz", "name": "graph_rviz_plugin", "name_with_namespace": "InstitutMaupertuis / graph_rviz_plugin", "path": "graph_rviz_plugin", "path_with_namespace": "InstitutMaupertuis/graph_rviz_plugin", "created_at": "2018-07-26T06:47:27.163Z", "default_branch": "melodic", "tag_list": ["Robot Operating System", "ros"], "ssh_url_to_repo": "git@gitlab.com:InstitutMaupertuis/graph_rviz_plugin.git", "http_url_to_repo": "https://gitlab.com/InstitutMaupertuis/graph_rviz_plugin.git", "web_url": "https://gitlab.com/InstitutMaupertuis/graph_rviz_plugin", "readme_url": "https://gitlab.com/InstitutMaupertuis/graph_rviz_plugin/blob/melodic/README.md", "avatar_url": "https://assets.gitlab-static.net/uploads/-/system/project/avatar/7638208/graph_rviz_plugin.png", "star_count": 1, "forks_count": 0, "last_activity_at": "2019-02-25T15:26:34.371Z", "namespace": {"id": 487842, "name": "InstitutMaupertuis", "path": "InstitutMaupertuis", "kind": "group", "full_path": "InstitutMaupertuis", "parent_id": null}}, {"id": 2407894, "description": "Tools and programs for additive manufacturing on industrial robots", "name": "ros_additive_manufacturing", "name_with_namespace": "InstitutMaupertuis / ros_additive_manufacturing", "path": "ros_additive_manufacturing", "path_with_namespace": "InstitutMaupertuis/ros_additive_manufacturing", "created_at": "2017-01-31T08:38:18.717Z", "default_branch": "melodic", "tag_list": ["Robot Operating System", "ros"], "ssh_url_to_repo": "git@gitlab.com:InstitutMaupertuis/ros_additive_manufacturing.git", "http_url_to_repo": "https://gitlab.com/InstitutMaupertuis/ros_additive_manufacturing.git", "web_url": "https://gitlab.com/InstitutMaupertuis/ros_additive_manufacturing", "readme_url": "https://gitlab.com/InstitutMaupertuis/ros_additive_manufacturing/blob/melodic/README.md", "avatar_url": "https://assets.gitlab-static.net/uploads/-/system/project/avatar/2407894/ros_additive_manufacturing.png", "star_count": 11, "forks_count": 9, "last_activity_at": "2019-04-26T09:12:49.634Z", "namespace": {"id": 487842, "name": "InstitutMaupertuis", "path": "InstitutMaupertuis", "kind": "group", "full_path": "InstitutMaupertuis", "parent_id": null}}, {"id": 1443926, "description": "", "name": "r2_description", "name_with_namespace": "NASA JSC Robotics / r2_description", "path": "r2_description", "path_with_namespace": "nasa-jsc-robotics/r2_description", "created_at": "2016-07-25T20:36:52.612Z", "default_branch": "develop", "tag_list": [], "ssh_url_to_repo": "git@gitlab.com:nasa-jsc-robotics/r2_description.git", "http_url_to_repo": "https://gitlab.com/nasa-jsc-robotics/r2_description.git", "web_url": "https://gitlab.com/nasa-jsc-robotics/r2_description", "readme_url": null, "avatar_url": "https://assets.gitlab-static.net/uploads/-/system/project/avatar/1443926/R2.png", "star_count": 0, "forks_count": 0, "last_activity_at": "2018-10-15T19:48:49.021Z", "namespace": {"id": 680263, "name": "NASA JSC Robotics", "path": "nasa-jsc-robotics", "kind": "group", "full_path": "nasa-jsc-robotics", "parent_id": null}}, {"id": 2316019, "description": "RobotDynamicsLibrary(RDL) is a c++ library for computing kinematics and dynamics. The algorithms are based upon those found in the book Rigid Body Dynamics Algorithms by Roy Featherstone", "name": "rdl", "name_with_namespace": "Jordan Lack / rdl", "path": "rdl", "path_with_namespace": "jlack/rdl", "created_at": "2017-01-15T16:03:17.282Z", "default_branch": "master", "tag_list": [], "ssh_url_to_repo": "git@gitlab.com:jlack/rdl.git", "http_url_to_repo": "https://gitlab.com/jlack/rdl.git", "web_url": "https://gitlab.com/jlack/rdl", "readme_url": "https://gitlab.com/jlack/rdl/blob/master/README.md", "avatar_url": null, "star_count": 3, "forks_count": 0, "last_activity_at": "2019-04-21T19:48:25.177Z", "namespace": {"id": 735807, "name": "jlack", "path": "jlack", "kind": "user", "full_path": "jlack", "parent_id": null}}, {"id": 1443876, "description": "", "name": "robodyn_mechanisms", "name_with_namespace": "NASA JSC Robotics / robodyn_mechanisms", "path": "robodyn_mechanisms", "path_with_namespace": "nasa-jsc-robotics/robodyn_mechanisms", "created_at": "2016-07-25T20:19:07.941Z", "default_branch": "develop", "tag_list": [], "ssh_url_to_repo": "git@gitlab.com:nasa-jsc-robotics/robodyn_mechanisms.git", "http_url_to_repo": "https://gitlab.com/nasa-jsc-robotics/robodyn_mechanisms.git", "web_url": "https://gitlab.com/nasa-jsc-robotics/robodyn_mechanisms", "readme_url": null, "avatar_url": "https://assets.gitlab-static.net/uploads/-/system/project/avatar/1443876/R2.png", "star_count": 0, "forks_count": 0, "last_activity_at": "2018-10-10T17:24:05.410Z", "namespace": {"id": 680263, "name": "NASA JSC Robotics", "path": "nasa-jsc-robotics", "kind": "group", "full_path": "nasa-jsc-robotics", "parent_id": null}}, {"id": 1422165, "description": "", "name": "nasa_common_cmake", "name_with_namespace": "NASA JSC Robotics / nasa_common_cmake", "path": "nasa_common_cmake", "path_with_namespace": "nasa-jsc-robotics/nasa_common_cmake", "created_at": "2016-07-19T20:52:48.406Z", "default_branch": "develop", "tag_list": [], "ssh_url_to_repo": "git@gitlab.com:nasa-jsc-robotics/nasa_common_cmake.git", "http_url_to_repo": "https://gitlab.com/nasa-jsc-robotics/nasa_common_cmake.git", "web_url": "https://gitlab.com/nasa-jsc-robotics/nasa_common_cmake", "readme_url": "https://gitlab.com/nasa-jsc-robotics/nasa_common_cmake/blob/develop/README.md", "avatar_url": "https://assets.gitlab-static.net/uploads/-/system/project/avatar/1422165/nc-sq.png", "star_count": 0, "forks_count": 0, "last_activity_at": "2018-06-04T14:48:18.670Z", "namespace": {"id": 680263, "name": "NASA JSC Robotics", "path": "nasa-jsc-robotics", "kind": "group", "full_path": "nasa-jsc-robotics", "parent_id": null}}, {"id": 1422166, "description": "", "name": "nasa_common_logging", "name_with_namespace": "NASA JSC Robotics / nasa_common_logging", "path": "nasa_common_logging", "path_with_namespace": "nasa-jsc-robotics/nasa_common_logging", "created_at": "2016-07-19T20:53:10.946Z", "default_branch": "develop", "tag_list": [], "ssh_url_to_repo": "git@gitlab.com:nasa-jsc-robotics/nasa_common_logging.git", "http_url_to_repo": "https://gitlab.com/nasa-jsc-robotics/nasa_common_logging.git", "web_url": "https://gitlab.com/nasa-jsc-robotics/nasa_common_logging", "readme_url": "https://gitlab.com/nasa-jsc-robotics/nasa_common_logging/blob/develop/README.md", "avatar_url": "https://assets.gitlab-static.net/uploads/-/system/project/avatar/1422166/nc-sq.png", "star_count": 0, "forks_count": 1, "last_activity_at": "2019-01-31T21:31:04.797Z", "namespace": {"id": 680263, "name": "NASA JSC Robotics", "path": "nasa-jsc-robotics", "kind": "group", "full_path": "nasa-jsc-robotics", "parent_id": null}}, {"id": 1443920, "description": "", "name": "r2_gazebo_gripper", "name_with_namespace": "NASA JSC Robotics / r2_gazebo_gripper", "path": "r2_gazebo_gripper", "path_with_namespace": "nasa-jsc-robotics/r2_gazebo_gripper", "created_at": "2016-07-25T20:34:21.822Z", "default_branch": "develop", "tag_list": [], "ssh_url_to_repo": "git@gitlab.com:nasa-jsc-robotics/r2_gazebo_gripper.git", "http_url_to_repo": "https://gitlab.com/nasa-jsc-robotics/r2_gazebo_gripper.git", "web_url": "https://gitlab.com/nasa-jsc-robotics/r2_gazebo_gripper", "readme_url": null, "avatar_url": "https://assets.gitlab-static.net/uploads/-/system/project/avatar/1443920/R2.png", "star_count": 0, "forks_count": 0, "last_activity_at": "2018-10-15T19:04:03.917Z", "namespace": {"id": 680263, "name": "NASA JSC Robotics", "path": "nasa-jsc-robotics", "kind": "group", "full_path": "nasa-jsc-robotics", "parent_id": null}}, {"id": 1443873, "description": "", "name": "robodyn_utilities", "name_with_namespace": "NASA JSC Robotics / robodyn_utilities", "path": "robodyn_utilities", "path_with_namespace": "nasa-jsc-robotics/robodyn_utilities", "created_at": "2016-07-25T20:15:53.435Z", "default_branch": "develop", "tag_list": [], "ssh_url_to_repo": "git@gitlab.com:nasa-jsc-robotics/robodyn_utilities.git", "http_url_to_repo": "https://gitlab.com/nasa-jsc-robotics/robodyn_utilities.git", "web_url": "https://gitlab.com/nasa-jsc-robotics/robodyn_utilities", "readme_url": null, "avatar_url": "https://assets.gitlab-static.net/uploads/-/system/project/avatar/1443873/R2.png", "star_count": 0, "forks_count": 0, "last_activity_at": "2018-10-16T13:50:42.198Z", "namespace": {"id": 680263, "name": "NASA JSC Robotics", "path": "nasa-jsc-robotics", "kind": "group", "full_path": "nasa-jsc-robotics", "parent_id": null}}, {"id": 460749, "description": "Exemplary nodes developed in rosR", "name": "rosR_demos", "name_with_namespace": "OvGU-ESS / rosR_demos", "path": "rosR_demos", "path_with_namespace": "OvGU-ESS/rosR_demos", "created_at": "2015-09-12T13:08:12.670Z", "default_branch": "master", "tag_list": [], "ssh_url_to_repo": "git@gitlab.com:OvGU-ESS/rosR_demos.git", "http_url_to_repo": "https://gitlab.com/OvGU-ESS/rosR_demos.git", "web_url": "https://gitlab.com/OvGU-ESS/rosR_demos", "readme_url": "https://gitlab.com/OvGU-ESS/rosR_demos/blob/master/README.md", "avatar_url": "https://assets.gitlab-static.net/uploads/-/system/project/avatar/460749/rosR.png", "star_count": 0, "forks_count": 0, "last_activity_at": "2015-09-23T19:42:36.438Z", "namespace": {"id": 226174, "name": "OvGU-ESS", "path": "OvGU-ESS", "kind": "group", "full_path": "OvGU-ESS", "parent_id": null}}, {"id": 5612279, "description": "Display topics values in a RViz plugin", "name": "topics_rviz_plugin", "name_with_namespace": "InstitutMaupertuis / topics_rviz_plugin", "path": "topics_rviz_plugin", "path_with_namespace": "InstitutMaupertuis/topics_rviz_plugin", "created_at": "2018-03-01T11:15:17.858Z", "default_branch": "melodic", "tag_list": ["Robot Operating System", "ros"], "ssh_url_to_repo": "git@gitlab.com:InstitutMaupertuis/topics_rviz_plugin.git", "http_url_to_repo": "https://gitlab.com/InstitutMaupertuis/topics_rviz_plugin.git", "web_url": "https://gitlab.com/InstitutMaupertuis/topics_rviz_plugin", "readme_url": "https://gitlab.com/InstitutMaupertuis/topics_rviz_plugin/blob/melodic/README.md", "avatar_url": "https://assets.gitlab-static.net/uploads/-/system/project/avatar/5612279/topics_rviz_plugin.png", "star_count": 0, "forks_count": 0, "last_activity_at": "2019-04-30T09:05:11.981Z", "namespace": {"id": 487842, "name": "InstitutMaupertuis", "path": "InstitutMaupertuis", "kind": "group", "full_path": "InstitutMaupertuis", "parent_id": null}}, {"id": 4852475, "description": "Release repository for RDL", "name": "rdl-release", "name_with_namespace": "Jordan Lack / rdl-release", "path": "rdl_release", "path_with_namespace": "jlack/rdl_release", "created_at": "2017-12-08T23:09:52.354Z", "default_branch": "master", "tag_list": [], "ssh_url_to_repo": "git@gitlab.com:jlack/rdl_release.git", "http_url_to_repo": "https://gitlab.com/jlack/rdl_release.git", "web_url": "https://gitlab.com/jlack/rdl_release", "readme_url": "https://gitlab.com/jlack/rdl_release/blob/master/README.md", "avatar_url": null, "star_count": 0, "forks_count": 0, "last_activity_at": "2019-03-11T17:56:17.239Z", "namespace": {"id": 735807, "name": "jlack", "path": "jlack", "kind": "user", "full_path": "jlack", "parent_id": null}}, {"id": 1443886, "description": "", "name": "r2_upperbody_moveit_config", "name_with_namespace": "NASA JSC Robotics / r2_upperbody_moveit_config", "path": "r2_upperbody_moveit_config", "path_with_namespace": "nasa-jsc-robotics/r2_upperbody_moveit_config", "created_at": "2016-07-25T20:22:11.793Z", "default_branch": "develop", "tag_list": [], "ssh_url_to_repo": "git@gitlab.com:nasa-jsc-robotics/r2_upperbody_moveit_config.git", "http_url_to_repo": "https://gitlab.com/nasa-jsc-robotics/r2_upperbody_moveit_config.git", "web_url": "https://gitlab.com/nasa-jsc-robotics/r2_upperbody_moveit_config", "readme_url": null, "avatar_url": "https://assets.gitlab-static.net/uploads/-/system/project/avatar/1443886/R2.png", "star_count": 0, "forks_count": 0, "last_activity_at": "2018-10-10T17:12:16.767Z", "namespace": {"id": 680263, "name": "NASA JSC Robotics", "path": "nasa-jsc-robotics", "kind": "group", "full_path": "nasa-jsc-robotics", "parent_id": null}}, {"id": 460578, "description": "ROS language integration for the statistical programming language R", "name": "rosR", "name_with_namespace": "OvGU-ESS / rosR", "path": "rosR", "path_with_namespace": "OvGU-ESS/rosR", "created_at": "2015-09-12T12:05:52.085Z", "default_branch": "master", "tag_list": [], "ssh_url_to_repo": "git@gitlab.com:OvGU-ESS/rosR.git", "http_url_to_repo": "https://gitlab.com/OvGU-ESS/rosR.git", "web_url": "https://gitlab.com/OvGU-ESS/rosR", "readme_url": "https://gitlab.com/OvGU-ESS/rosR/blob/master/README.md", "avatar_url": "https://assets.gitlab-static.net/uploads/-/system/project/avatar/460578/rosR.png", "star_count": 0, "forks_count": 0, "last_activity_at": "2015-11-19T17:40:41.068Z", "namespace": {"id": 226174, "name": "OvGU-ESS", "path": "OvGU-ESS", "kind": "group", "full_path": "OvGU-ESS", "parent_id": null}}, {"id": 1443924, "description": "", "name": "r2_gazebo", "name_with_namespace": "NASA JSC Robotics / r2_gazebo", "path": "r2_gazebo", "path_with_namespace": "nasa-jsc-robotics/r2_gazebo", "created_at": "2016-07-25T20:35:37.231Z", "default_branch": "develop", "tag_list": [], "ssh_url_to_repo": "git@gitlab.com:nasa-jsc-robotics/r2_gazebo.git", "http_url_to_repo": "https://gitlab.com/nasa-jsc-robotics/r2_gazebo.git", "web_url": "https://gitlab.com/nasa-jsc-robotics/r2_gazebo", "readme_url": null, "avatar_url": "https://assets.gitlab-static.net/uploads/-/system/project/avatar/1443924/R2.png", "star_count": 1, "forks_count": 0, "last_activity_at": "2018-10-15T21:33:12.048Z", "namespace": {"id": 680263, "name": "NASA JSC Robotics", "path": "nasa-jsc-robotics", "kind": "group", "full_path": "nasa-jsc-robotics", "parent_id": null}}, {"id": 3094668, "description": "ROS driver for ThingMagic USB Pro RFID reader", "name": "ROS_Driver_ThingMagic_USBPRO", "name_with_namespace": "Drew / ROS_Driver_ThingMagic_USBPRO", "path": "thingmagic_usbpro", "path_with_namespace": "chambana/thingmagic_usbpro", "created_at": "2017-04-11T17:17:36.332Z", "default_branch": "master", "tag_list": [], "ssh_url_to_repo": "git@gitlab.com:chambana/thingmagic_usbpro.git", "http_url_to_repo": "https://gitlab.com/chambana/thingmagic_usbpro.git", "web_url": "https://gitlab.com/chambana/thingmagic_usbpro", "readme_url": "https://gitlab.com/chambana/thingmagic_usbpro/blob/master/README.md", "avatar_url": "https://assets.gitlab-static.net/uploads/-/system/project/avatar/3094668/ros.png", "star_count": 0, "forks_count": 0, "last_activity_at": "2018-05-10T19:19:05.904Z", "namespace": {"id": 859742, "name": "chambana", "path": "chambana", "kind": "user", "full_path": "chambana", "parent_id": null}}]