[{"id": 1443913, "description": "", "name": "r2_moveit_config", "name_with_namespace": "NASA JSC Robotics / r2_moveit_config", "path": "r2_moveit_config", "path_with_namespace": "nasa-jsc-robotics/r2_moveit_config", "created_at": "2016-07-25T20:31:03.159Z", "default_branch": "develop", "tag_list": [], "ssh_url_to_repo": "git@gitlab.com:nasa-jsc-robotics/r2_moveit_config.git", "http_url_to_repo": "https://gitlab.com/nasa-jsc-robotics/r2_moveit_config.git", "web_url": "https://gitlab.com/nasa-jsc-robotics/r2_moveit_config", "readme_url": null, "avatar_url": "https://assets.gitlab-static.net/uploads/-/system/project/avatar/1443913/R2.png", "star_count": 1, "forks_count": 2, "last_activity_at": "2019-03-28T22:14:12.527Z", "namespace": {"id": 680263, "name": "NASA JSC Robotics", "path": "nasa-jsc-robotics", "kind": "group", "full_path": "nasa-jsc-robotics", "parent_id": null}}, {"id": 1443865, "description": "", "name": "robodyn_controllers", "name_with_namespace": "NASA JSC Robotics / robodyn_controllers", "path": "robodyn_controllers", "path_with_namespace": "nasa-jsc-robotics/robodyn_controllers", "created_at": "2016-07-25T20:11:58.863Z", "default_branch": "develop", "tag_list": [], "ssh_url_to_repo": "git@gitlab.com:nasa-jsc-robotics/robodyn_controllers.git", "http_url_to_repo": "https://gitlab.com/nasa-jsc-robotics/robodyn_controllers.git", "web_url": "https://gitlab.com/nasa-jsc-robotics/robodyn_controllers", "readme_url": null, "avatar_url": "https://assets.gitlab-static.net/uploads/-/system/project/avatar/1443865/R2.png", "star_count": 0, "forks_count": 0, "last_activity_at": "2018-10-16T14:16:28.276Z", "namespace": {"id": 680263, "name": "NASA JSC Robotics", "path": "nasa-jsc-robotics", "kind": "group", "full_path": "nasa-jsc-robotics", "parent_id": null}}, {"id": 1443862, "description": "", "name": "robot_instance", "name_with_namespace": "NASA JSC Robotics / robot_instance", "path": "robot_instance", "path_with_namespace": "nasa-jsc-robotics/robot_instance", "created_at": "2016-07-25T20:11:29.944Z", "default_branch": "develop", "tag_list": [], "ssh_url_to_repo": "git@gitlab.com:nasa-jsc-robotics/robot_instance.git", "http_url_to_repo": "https://gitlab.com/nasa-jsc-robotics/robot_instance.git", "web_url": "https://gitlab.com/nasa-jsc-robotics/robot_instance", "readme_url": null, "avatar_url": "https://assets.gitlab-static.net/uploads/-/system/project/avatar/1443862/R2.png", "star_count": 0, "forks_count": 0, "last_activity_at": "2018-10-15T20:38:12.015Z", "namespace": {"id": 680263, "name": "NASA JSC Robotics", "path": "nasa-jsc-robotics", "kind": "group", "full_path": "nasa-jsc-robotics", "parent_id": null}}, {"id": 1443958, "description": "", "name": "hayai", "name_with_namespace": "NASA JSC Robotics / hayai", "path": "hayai", "path_with_namespace": "nasa-jsc-robotics/hayai", "created_at": "2016-07-25T20:49:06.578Z", "default_branch": "develop", "tag_list": [], "ssh_url_to_repo": "git@gitlab.com:nasa-jsc-robotics/hayai.git", "http_url_to_repo": "https://gitlab.com/nasa-jsc-robotics/hayai.git", "web_url": "https://gitlab.com/nasa-jsc-robotics/hayai", "readme_url": "https://gitlab.com/nasa-jsc-robotics/hayai/blob/develop/README.md", "avatar_url": "https://assets.gitlab-static.net/uploads/-/system/project/avatar/1443958/R2.png", "star_count": 0, "forks_count": 0, "last_activity_at": "2018-10-10T18:06:52.254Z", "namespace": {"id": 680263, "name": "NASA JSC Robotics", "path": "nasa-jsc-robotics", "kind": "group", "full_path": "nasa-jsc-robotics", "parent_id": null}}, {"id": 1443908, "description": "", "name": "r2_msgs", "name_with_namespace": "NASA JSC Robotics / r2_msgs", "path": "r2_msgs", "path_with_namespace": "nasa-jsc-robotics/r2_msgs", "created_at": "2016-07-25T20:29:42.974Z", "default_branch": "develop", "tag_list": [], "ssh_url_to_repo": "git@gitlab.com:nasa-jsc-robotics/r2_msgs.git", "http_url_to_repo": "https://gitlab.com/nasa-jsc-robotics/r2_msgs.git", "web_url": "https://gitlab.com/nasa-jsc-robotics/r2_msgs", "readme_url": null, "avatar_url": "https://assets.gitlab-static.net/uploads/-/system/project/avatar/1443908/R2.png", "star_count": 0, "forks_count": 0, "last_activity_at": "2018-10-16T13:40:09.097Z", "namespace": {"id": 680263, "name": "NASA JSC Robotics", "path": "nasa-jsc-robotics", "kind": "group", "full_path": "nasa-jsc-robotics", "parent_id": null}}, {"id": 2250285, "description": "C++ library to create Fanuc programs (.LS) for robots", "name": "fanuc_post_processor", "name_with_namespace": "InstitutMaupertuis / fanuc_post_processor", "path": "fanuc_post_processor", "path_with_namespace": "InstitutMaupertuis/fanuc_post_processor", "created_at": "2017-01-03T14:57:48.824Z", "default_branch": "melodic", "tag_list": ["Robot Operating System", "fanuc", "ros"], "ssh_url_to_repo": "git@gitlab.com:InstitutMaupertuis/fanuc_post_processor.git", "http_url_to_repo": "https://gitlab.com/InstitutMaupertuis/fanuc_post_processor.git", "web_url": "https://gitlab.com/InstitutMaupertuis/fanuc_post_processor", "readme_url": "https://gitlab.com/InstitutMaupertuis/fanuc_post_processor/blob/melodic/README.md", "avatar_url": "https://assets.gitlab-static.net/uploads/-/system/project/avatar/2250285/fanuc_post_processor.png", "star_count": 2, "forks_count": 0, "last_activity_at": "2019-04-26T09:06:24.447Z", "namespace": {"id": 487842, "name": "InstitutMaupertuis", "path": "InstitutMaupertuis", "kind": "group", "full_path": "InstitutMaupertuis", "parent_id": null}}, {"id": 2407894, "description": "Tools and programs for additive manufacturing on industrial robots", "name": "ros_additive_manufacturing", "name_with_namespace": "InstitutMaupertuis / ros_additive_manufacturing", "path": "ros_additive_manufacturing", "path_with_namespace": "InstitutMaupertuis/ros_additive_manufacturing", "created_at": "2017-01-31T08:38:18.717Z", "default_branch": "melodic", "tag_list": ["Robot Operating System", "ros"], "ssh_url_to_repo": "git@gitlab.com:InstitutMaupertuis/ros_additive_manufacturing.git", "http_url_to_repo": "https://gitlab.com/InstitutMaupertuis/ros_additive_manufacturing.git", "web_url": "https://gitlab.com/InstitutMaupertuis/ros_additive_manufacturing", "readme_url": "https://gitlab.com/InstitutMaupertuis/ros_additive_manufacturing/blob/melodic/README.md", "avatar_url": "https://assets.gitlab-static.net/uploads/-/system/project/avatar/2407894/ros_additive_manufacturing.png", "star_count": 11, "forks_count": 9, "last_activity_at": "2019-04-26T09:12:49.634Z", "namespace": {"id": 487842, "name": "InstitutMaupertuis", "path": "InstitutMaupertuis", "kind": "group", "full_path": "InstitutMaupertuis", "parent_id": null}}, {"id": 1443926, "description": "", "name": "r2_description", "name_with_namespace": "NASA JSC Robotics / r2_description", "path": "r2_description", "path_with_namespace": "nasa-jsc-robotics/r2_description", "created_at": "2016-07-25T20:36:52.612Z", "default_branch": "develop", "tag_list": [], "ssh_url_to_repo": "git@gitlab.com:nasa-jsc-robotics/r2_description.git", "http_url_to_repo": "https://gitlab.com/nasa-jsc-robotics/r2_description.git", "web_url": "https://gitlab.com/nasa-jsc-robotics/r2_description", "readme_url": null, "avatar_url": "https://assets.gitlab-static.net/uploads/-/system/project/avatar/1443926/R2.png", "star_count": 0, "forks_count": 0, "last_activity_at": "2018-10-15T19:48:49.021Z", "namespace": {"id": 680263, "name": "NASA JSC Robotics", "path": "nasa-jsc-robotics", "kind": "group", "full_path": "nasa-jsc-robotics", "parent_id": null}}, {"id": 2316019, "description": "RobotDynamicsLibrary(RDL) is a c++ library for computing kinematics and dynamics. The algorithms are based upon those found in the book Rigid Body Dynamics Algorithms by Roy Featherstone", "name": "rdl", "name_with_namespace": "Jordan Lack / rdl", "path": "rdl", "path_with_namespace": "jlack/rdl", "created_at": "2017-01-15T16:03:17.282Z", "default_branch": "master", "tag_list": [], "ssh_url_to_repo": "git@gitlab.com:jlack/rdl.git", "http_url_to_repo": "https://gitlab.com/jlack/rdl.git", "web_url": "https://gitlab.com/jlack/rdl", "readme_url": "https://gitlab.com/jlack/rdl/blob/master/README.md", "avatar_url": null, "star_count": 3, "forks_count": 0, "last_activity_at": "2019-04-21T19:48:25.177Z", "namespace": {"id": 735807, "name": "jlack", "path": "jlack", "kind": "user", "full_path": "jlack", "parent_id": null}}, {"id": 1443876, "description": "", "name": "robodyn_mechanisms", "name_with_namespace": "NASA JSC Robotics / robodyn_mechanisms", "path": "robodyn_mechanisms", "path_with_namespace": "nasa-jsc-robotics/robodyn_mechanisms", "created_at": "2016-07-25T20:19:07.941Z", "default_branch": "develop", "tag_list": [], "ssh_url_to_repo": "git@gitlab.com:nasa-jsc-robotics/robodyn_mechanisms.git", "http_url_to_repo": "https://gitlab.com/nasa-jsc-robotics/robodyn_mechanisms.git", "web_url": "https://gitlab.com/nasa-jsc-robotics/robodyn_mechanisms", "readme_url": null, "avatar_url": "https://assets.gitlab-static.net/uploads/-/system/project/avatar/1443876/R2.png", "star_count": 0, "forks_count": 0, "last_activity_at": "2018-10-10T17:24:05.410Z", "namespace": {"id": 680263, "name": "NASA JSC Robotics", "path": "nasa-jsc-robotics", "kind": "group", "full_path": "nasa-jsc-robotics", "parent_id": null}}, {"id": 1422166, "description": "", "name": "nasa_common_logging", "name_with_namespace": "NASA JSC Robotics / nasa_common_logging", "path": "nasa_common_logging", "path_with_namespace": "nasa-jsc-robotics/nasa_common_logging", "created_at": "2016-07-19T20:53:10.946Z", "default_branch": "develop", "tag_list": [], "ssh_url_to_repo": "git@gitlab.com:nasa-jsc-robotics/nasa_common_logging.git", "http_url_to_repo": "https://gitlab.com/nasa-jsc-robotics/nasa_common_logging.git", "web_url": "https://gitlab.com/nasa-jsc-robotics/nasa_common_logging", "readme_url": "https://gitlab.com/nasa-jsc-robotics/nasa_common_logging/blob/develop/README.md", "avatar_url": "https://assets.gitlab-static.net/uploads/-/system/project/avatar/1422166/nc-sq.png", "star_count": 0, "forks_count": 1, "last_activity_at": "2019-01-31T21:31:04.797Z", "namespace": {"id": 680263, "name": "NASA JSC Robotics", "path": "nasa-jsc-robotics", "kind": "group", "full_path": "nasa-jsc-robotics", "parent_id": null}}, {"id": 1443924, "description": "", "name": "r2_gazebo", "name_with_namespace": "NASA JSC Robotics / r2_gazebo", "path": "r2_gazebo", "path_with_namespace": "nasa-jsc-robotics/r2_gazebo", "created_at": "2016-07-25T20:35:37.231Z", "default_branch": "develop", "tag_list": [], "ssh_url_to_repo": "git@gitlab.com:nasa-jsc-robotics/r2_gazebo.git", "http_url_to_repo": "https://gitlab.com/nasa-jsc-robotics/r2_gazebo.git", "web_url": "https://gitlab.com/nasa-jsc-robotics/r2_gazebo", "readme_url": null, "avatar_url": "https://assets.gitlab-static.net/uploads/-/system/project/avatar/1443924/R2.png", "star_count": 1, "forks_count": 0, "last_activity_at": "2018-10-15T21:33:12.048Z", "namespace": {"id": 680263, "name": "NASA JSC Robotics", "path": "nasa-jsc-robotics", "kind": "group", "full_path": "nasa-jsc-robotics", "parent_id": null}}]