[{"id": 7466151, "node_id": "MDEwOlJlcG9zaXRvcnk3NDY2MTUx", "name": "rocon_tutorials", "full_name": "robotics-in-concert/rocon_tutorials", "private": false, "owner": {"login": "robotics-in-concert", "id": 792809, "node_id": "MDEyOk9yZ2FuaXphdGlvbjc5MjgwOQ==", "avatar_url": "https://avatars2.githubusercontent.com/u/792809?v=4", "gravatar_id": "", "url": "https://api.github.com/users/robotics-in-concert", "html_url": "https://github.com/robotics-in-concert", "followers_url": "https://api.github.com/users/robotics-in-concert/followers", "following_url": "https://api.github.com/users/robotics-in-concert/following{/other_user}", "gists_url": "https://api.github.com/users/robotics-in-concert/gists{/gist_id}", "starred_url": "https://api.github.com/users/robotics-in-concert/starred{/owner}{/repo}", "subscriptions_url": "https://api.github.com/users/robotics-in-concert/subscriptions", "organizations_url": "https://api.github.com/users/robotics-in-concert/orgs", "repos_url": "https://api.github.com/users/robotics-in-concert/repos", "events_url": "https://api.github.com/users/robotics-in-concert/events{/privacy}", "received_events_url": "https://api.github.com/users/robotics-in-concert/received_events", "type": "Organization", "site_admin": false}, "html_url": "https://github.com/robotics-in-concert/rocon_tutorials", "description": "Tutorials around the rocon framework.", "fork": false, "url": "https://api.github.com/repos/robotics-in-concert/rocon_tutorials", "forks_url": "https://api.github.com/repos/robotics-in-concert/rocon_tutorials/forks", "keys_url": "https://api.github.com/repos/robotics-in-concert/rocon_tutorials/keys{/key_id}", "collaborators_url": "https://api.github.com/repos/robotics-in-concert/rocon_tutorials/collaborators{/collaborator}", "teams_url": "https://api.github.com/repos/robotics-in-concert/rocon_tutorials/teams", "hooks_url": "https://api.github.com/repos/robotics-in-concert/rocon_tutorials/hooks", "issue_events_url": "https://api.github.com/repos/robotics-in-concert/rocon_tutorials/issues/events{/number}", "events_url": "https://api.github.com/repos/robotics-in-concert/rocon_tutorials/events", "assignees_url": "https://api.github.com/repos/robotics-in-concert/rocon_tutorials/assignees{/user}", "branches_url": "https://api.github.com/repos/robotics-in-concert/rocon_tutorials/branches{/branch}", "tags_url": "https://api.github.com/repos/robotics-in-concert/rocon_tutorials/tags", "blobs_url": "https://api.github.com/repos/robotics-in-concert/rocon_tutorials/git/blobs{/sha}", "git_tags_url": "https://api.github.com/repos/robotics-in-concert/rocon_tutorials/git/tags{/sha}", "git_refs_url": "https://api.github.com/repos/robotics-in-concert/rocon_tutorials/git/refs{/sha}", "trees_url": "https://api.github.com/repos/robotics-in-concert/rocon_tutorials/git/trees{/sha}", "statuses_url": "https://api.github.com/repos/robotics-in-concert/rocon_tutorials/statuses/{sha}", "languages_url": "https://api.github.com/repos/robotics-in-concert/rocon_tutorials/languages", "stargazers_url": "https://api.github.com/repos/robotics-in-concert/rocon_tutorials/stargazers", "contributors_url": "https://api.github.com/repos/robotics-in-concert/rocon_tutorials/contributors", "subscribers_url": "https://api.github.com/repos/robotics-in-concert/rocon_tutorials/subscribers", "subscription_url": "https://api.github.com/repos/robotics-in-concert/rocon_tutorials/subscription", "commits_url": "https://api.github.com/repos/robotics-in-concert/rocon_tutorials/commits{/sha}", "git_commits_url": "https://api.github.com/repos/robotics-in-concert/rocon_tutorials/git/commits{/sha}", "comments_url": "https://api.github.com/repos/robotics-in-concert/rocon_tutorials/comments{/number}", "issue_comment_url": "https://api.github.com/repos/robotics-in-concert/rocon_tutorials/issues/comments{/number}", "contents_url": "https://api.github.com/repos/robotics-in-concert/rocon_tutorials/contents/{+path}", "compare_url": "https://api.github.com/repos/robotics-in-concert/rocon_tutorials/compare/{base}...{head}", "merges_url": "https://api.github.com/repos/robotics-in-concert/rocon_tutorials/merges", "archive_url": "https://api.github.com/repos/robotics-in-concert/rocon_tutorials/{archive_format}{/ref}", "downloads_url": "https://api.github.com/repos/robotics-in-concert/rocon_tutorials/downloads", "issues_url": "https://api.github.com/repos/robotics-in-concert/rocon_tutorials/issues{/number}", "pulls_url": "https://api.github.com/repos/robotics-in-concert/rocon_tutorials/pulls{/number}", "milestones_url": "https://api.github.com/repos/robotics-in-concert/rocon_tutorials/milestones{/number}", "notifications_url": "https://api.github.com/repos/robotics-in-concert/rocon_tutorials/notifications{?since,all,participating}", "labels_url": "https://api.github.com/repos/robotics-in-concert/rocon_tutorials/labels{/name}", "releases_url": "https://api.github.com/repos/robotics-in-concert/rocon_tutorials/releases{/id}", "deployments_url": "https://api.github.com/repos/robotics-in-concert/rocon_tutorials/deployments", "created_at": "2013-01-06T09:27:16Z", "updated_at": "2018-08-06T07:47:22Z", "pushed_at": "2016-08-25T13:30:47Z", "git_url": "git://github.com/robotics-in-concert/rocon_tutorials.git", "ssh_url": "git@github.com:robotics-in-concert/rocon_tutorials.git", "clone_url": "https://github.com/robotics-in-concert/rocon_tutorials.git", "svn_url": "https://github.com/robotics-in-concert/rocon_tutorials", "homepage": null, "size": 445, "stargazers_count": 4, "watchers_count": 4, "language": "Python", "has_issues": true, "has_projects": true, "has_downloads": true, "has_wiki": true, "has_pages": false, "forks_count": 9, "mirror_url": null, "archived": false, "disabled": false, "open_issues_count": 6, "license": null, "forks": 9, "open_issues": 6, "watchers": 4, "default_branch": "devel", "permissions": {"admin": false, "push": false, "pull": true}, "organization": {"login": "robotics-in-concert", "id": 792809, "node_id": "MDEyOk9yZ2FuaXphdGlvbjc5MjgwOQ==", "avatar_url": "https://avatars2.githubusercontent.com/u/792809?v=4", "gravatar_id": "", "url": "https://api.github.com/users/robotics-in-concert", "html_url": "https://github.com/robotics-in-concert", "followers_url": "https://api.github.com/users/robotics-in-concert/followers", "following_url": "https://api.github.com/users/robotics-in-concert/following{/other_user}", "gists_url": "https://api.github.com/users/robotics-in-concert/gists{/gist_id}", "starred_url": "https://api.github.com/users/robotics-in-concert/starred{/owner}{/repo}", "subscriptions_url": "https://api.github.com/users/robotics-in-concert/subscriptions", "organizations_url": "https://api.github.com/users/robotics-in-concert/orgs", "repos_url": "https://api.github.com/users/robotics-in-concert/repos", "events_url": "https://api.github.com/users/robotics-in-concert/events{/privacy}", "received_events_url": "https://api.github.com/users/robotics-in-concert/received_events", "type": "Organization", "site_admin": false}, "network_count": 9, "subscribers_count": 9}, {"id": 58165466, "node_id": "MDEwOlJlcG9zaXRvcnk1ODE2NTQ2Ng==", "name": "grid_planning", "full_name": "cpaxton/grid_planning", "private": false, "owner": {"login": "cpaxton", "id": 3286631, "node_id": "MDQ6VXNlcjMyODY2MzE=", "avatar_url": "https://avatars0.githubusercontent.com/u/3286631?v=4", "gravatar_id": "", "url": "https://api.github.com/users/cpaxton", "html_url": "https://github.com/cpaxton", "followers_url": "https://api.github.com/users/cpaxton/followers", "following_url": "https://api.github.com/users/cpaxton/following{/other_user}", "gists_url": "https://api.github.com/users/cpaxton/gists{/gist_id}", "starred_url": "https://api.github.com/users/cpaxton/starred{/owner}{/repo}", "subscriptions_url": "https://api.github.com/users/cpaxton/subscriptions", "organizations_url": "https://api.github.com/users/cpaxton/orgs", "repos_url": "https://api.github.com/users/cpaxton/repos", "events_url": "https://api.github.com/users/cpaxton/events{/privacy}", "received_events_url": "https://api.github.com/users/cpaxton/received_events", "type": "User", "site_admin": false}, "html_url": "https://github.com/cpaxton/grid_planning", "description": "Integrated task and motion planning using grounded actions learned from observing expert demonstrations.", "fork": false, "url": "https://api.github.com/repos/cpaxton/grid_planning", "forks_url": "https://api.github.com/repos/cpaxton/grid_planning/forks", "keys_url": "https://api.github.com/repos/cpaxton/grid_planning/keys{/key_id}", "collaborators_url": "https://api.github.com/repos/cpaxton/grid_planning/collaborators{/collaborator}", "teams_url": "https://api.github.com/repos/cpaxton/grid_planning/teams", "hooks_url": "https://api.github.com/repos/cpaxton/grid_planning/hooks", "issue_events_url": "https://api.github.com/repos/cpaxton/grid_planning/issues/events{/number}", "events_url": "https://api.github.com/repos/cpaxton/grid_planning/events", "assignees_url": "https://api.github.com/repos/cpaxton/grid_planning/assignees{/user}", "branches_url": "https://api.github.com/repos/cpaxton/grid_planning/branches{/branch}", "tags_url": "https://api.github.com/repos/cpaxton/grid_planning/tags", "blobs_url": "https://api.github.com/repos/cpaxton/grid_planning/git/blobs{/sha}", "git_tags_url": "https://api.github.com/repos/cpaxton/grid_planning/git/tags{/sha}", "git_refs_url": "https://api.github.com/repos/cpaxton/grid_planning/git/refs{/sha}", "trees_url": "https://api.github.com/repos/cpaxton/grid_planning/git/trees{/sha}", "statuses_url": "https://api.github.com/repos/cpaxton/grid_planning/statuses/{sha}", "languages_url": "https://api.github.com/repos/cpaxton/grid_planning/languages", "stargazers_url": "https://api.github.com/repos/cpaxton/grid_planning/stargazers", "contributors_url": "https://api.github.com/repos/cpaxton/grid_planning/contributors", "subscribers_url": "https://api.github.com/repos/cpaxton/grid_planning/subscribers", "subscription_url": "https://api.github.com/repos/cpaxton/grid_planning/subscription", "commits_url": "https://api.github.com/repos/cpaxton/grid_planning/commits{/sha}", "git_commits_url": "https://api.github.com/repos/cpaxton/grid_planning/git/commits{/sha}", "comments_url": "https://api.github.com/repos/cpaxton/grid_planning/comments{/number}", "issue_comment_url": "https://api.github.com/repos/cpaxton/grid_planning/issues/comments{/number}", "contents_url": "https://api.github.com/repos/cpaxton/grid_planning/contents/{+path}", "compare_url": "https://api.github.com/repos/cpaxton/grid_planning/compare/{base}...{head}", "merges_url": "https://api.github.com/repos/cpaxton/grid_planning/merges", "archive_url": "https://api.github.com/repos/cpaxton/grid_planning/{archive_format}{/ref}", "downloads_url": "https://api.github.com/repos/cpaxton/grid_planning/downloads", "issues_url": "https://api.github.com/repos/cpaxton/grid_planning/issues{/number}", "pulls_url": "https://api.github.com/repos/cpaxton/grid_planning/pulls{/number}", "milestones_url": "https://api.github.com/repos/cpaxton/grid_planning/milestones{/number}", "notifications_url": "https://api.github.com/repos/cpaxton/grid_planning/notifications{?since,all,participating}", "labels_url": "https://api.github.com/repos/cpaxton/grid_planning/labels{/name}", "releases_url": "https://api.github.com/repos/cpaxton/grid_planning/releases{/id}", "deployments_url": "https://api.github.com/repos/cpaxton/grid_planning/deployments", "created_at": "2016-05-05T22:50:01Z", "updated_at": "2018-05-18T02:42:32Z", "pushed_at": "2017-02-25T23:12:14Z", "git_url": "git://github.com/cpaxton/grid_planning.git", "ssh_url": "git@github.com:cpaxton/grid_planning.git", "clone_url": "https://github.com/cpaxton/grid_planning.git", "svn_url": "https://github.com/cpaxton/grid_planning", "homepage": null, "size": 29230, "stargazers_count": 6, "watchers_count": 6, "language": "C++", "has_issues": true, "has_projects": true, "has_downloads": true, "has_wiki": true, "has_pages": false, "forks_count": 0, "mirror_url": null, "archived": false, "disabled": false, "open_issues_count": 0, "license": null, "forks": 0, "open_issues": 0, "watchers": 6, "default_branch": "master", "permissions": {"admin": false, "push": false, "pull": true}, "network_count": 0, "subscribers_count": 2}, {"id": 63848137, "node_id": "MDEwOlJlcG9zaXRvcnk2Mzg0ODEzNw==", "name": "dynamixel-workbench", "full_name": "ROBOTIS-GIT/dynamixel-workbench", "private": false, "owner": {"login": "ROBOTIS-GIT", "id": 14007947, "node_id": "MDEyOk9yZ2FuaXphdGlvbjE0MDA3OTQ3", "avatar_url": "https://avatars1.githubusercontent.com/u/14007947?v=4", "gravatar_id": "", "url": "https://api.github.com/users/ROBOTIS-GIT", "html_url": "https://github.com/ROBOTIS-GIT", "followers_url": "https://api.github.com/users/ROBOTIS-GIT/followers", "following_url": "https://api.github.com/users/ROBOTIS-GIT/following{/other_user}", "gists_url": "https://api.github.com/users/ROBOTIS-GIT/gists{/gist_id}", "starred_url": "https://api.github.com/users/ROBOTIS-GIT/starred{/owner}{/repo}", "subscriptions_url": "https://api.github.com/users/ROBOTIS-GIT/subscriptions", "organizations_url": "https://api.github.com/users/ROBOTIS-GIT/orgs", "repos_url": "https://api.github.com/users/ROBOTIS-GIT/repos", "events_url": "https://api.github.com/users/ROBOTIS-GIT/events{/privacy}", "received_events_url": "https://api.github.com/users/ROBOTIS-GIT/received_events", "type": "Organization", "site_admin": false}, "html_url": "https://github.com/ROBOTIS-GIT/dynamixel-workbench", "description": "ROS packages for Dynamixel controllers, msgs, single_manager, toolbox, tutorials", "fork": false, "url": "https://api.github.com/repos/ROBOTIS-GIT/dynamixel-workbench", "forks_url": "https://api.github.com/repos/ROBOTIS-GIT/dynamixel-workbench/forks", "keys_url": "https://api.github.com/repos/ROBOTIS-GIT/dynamixel-workbench/keys{/key_id}", "collaborators_url": "https://api.github.com/repos/ROBOTIS-GIT/dynamixel-workbench/collaborators{/collaborator}", "teams_url": "https://api.github.com/repos/ROBOTIS-GIT/dynamixel-workbench/teams", "hooks_url": "https://api.github.com/repos/ROBOTIS-GIT/dynamixel-workbench/hooks", "issue_events_url": "https://api.github.com/repos/ROBOTIS-GIT/dynamixel-workbench/issues/events{/number}", "events_url": "https://api.github.com/repos/ROBOTIS-GIT/dynamixel-workbench/events", "assignees_url": "https://api.github.com/repos/ROBOTIS-GIT/dynamixel-workbench/assignees{/user}", "branches_url": "https://api.github.com/repos/ROBOTIS-GIT/dynamixel-workbench/branches{/branch}", "tags_url": "https://api.github.com/repos/ROBOTIS-GIT/dynamixel-workbench/tags", "blobs_url": "https://api.github.com/repos/ROBOTIS-GIT/dynamixel-workbench/git/blobs{/sha}", "git_tags_url": "https://api.github.com/repos/ROBOTIS-GIT/dynamixel-workbench/git/tags{/sha}", "git_refs_url": "https://api.github.com/repos/ROBOTIS-GIT/dynamixel-workbench/git/refs{/sha}", "trees_url": "https://api.github.com/repos/ROBOTIS-GIT/dynamixel-workbench/git/trees{/sha}", "statuses_url": "https://api.github.com/repos/ROBOTIS-GIT/dynamixel-workbench/statuses/{sha}", "languages_url": "https://api.github.com/repos/ROBOTIS-GIT/dynamixel-workbench/languages", "stargazers_url": "https://api.github.com/repos/ROBOTIS-GIT/dynamixel-workbench/stargazers", "contributors_url": "https://api.github.com/repos/ROBOTIS-GIT/dynamixel-workbench/contributors", "subscribers_url": "https://api.github.com/repos/ROBOTIS-GIT/dynamixel-workbench/subscribers", "subscription_url": "https://api.github.com/repos/ROBOTIS-GIT/dynamixel-workbench/subscription", "commits_url": "https://api.github.com/repos/ROBOTIS-GIT/dynamixel-workbench/commits{/sha}", "git_commits_url": "https://api.github.com/repos/ROBOTIS-GIT/dynamixel-workbench/git/commits{/sha}", "comments_url": "https://api.github.com/repos/ROBOTIS-GIT/dynamixel-workbench/comments{/number}", "issue_comment_url": "https://api.github.com/repos/ROBOTIS-GIT/dynamixel-workbench/issues/comments{/number}", "contents_url": "https://api.github.com/repos/ROBOTIS-GIT/dynamixel-workbench/contents/{+path}", "compare_url": "https://api.github.com/repos/ROBOTIS-GIT/dynamixel-workbench/compare/{base}...{head}", "merges_url": "https://api.github.com/repos/ROBOTIS-GIT/dynamixel-workbench/merges", "archive_url": "https://api.github.com/repos/ROBOTIS-GIT/dynamixel-workbench/{archive_format}{/ref}", "downloads_url": "https://api.github.com/repos/ROBOTIS-GIT/dynamixel-workbench/downloads", "issues_url": "https://api.github.com/repos/ROBOTIS-GIT/dynamixel-workbench/issues{/number}", "pulls_url": "https://api.github.com/repos/ROBOTIS-GIT/dynamixel-workbench/pulls{/number}", "milestones_url": "https://api.github.com/repos/ROBOTIS-GIT/dynamixel-workbench/milestones{/number}", "notifications_url": "https://api.github.com/repos/ROBOTIS-GIT/dynamixel-workbench/notifications{?since,all,participating}", "labels_url": "https://api.github.com/repos/ROBOTIS-GIT/dynamixel-workbench/labels{/name}", "releases_url": "https://api.github.com/repos/ROBOTIS-GIT/dynamixel-workbench/releases{/id}", "deployments_url": "https://api.github.com/repos/ROBOTIS-GIT/dynamixel-workbench/deployments", "created_at": "2016-07-21T07:43:10Z", "updated_at": "2019-05-29T08:37:28Z", "pushed_at": "2019-05-30T11:43:57Z", "git_url": "git://github.com/ROBOTIS-GIT/dynamixel-workbench.git", "ssh_url": "git@github.com:ROBOTIS-GIT/dynamixel-workbench.git", "clone_url": "https://github.com/ROBOTIS-GIT/dynamixel-workbench.git", "svn_url": "https://github.com/ROBOTIS-GIT/dynamixel-workbench", "homepage": "http://emanual.robotis.com/docs/en/software/dynamixel/dynamixel_workbench/", "size": 1185, "stargazers_count": 40, "watchers_count": 40, "language": "C++", "has_issues": true, "has_projects": false, "has_downloads": true, "has_wiki": false, "has_pages": false, "forks_count": 72, "mirror_url": null, "archived": false, "disabled": false, "open_issues_count": 7, "license": {"key": "apache-2.0", "name": "Apache License 2.0", "spdx_id": "Apache-2.0", "url": "https://api.github.com/licenses/apache-2.0", "node_id": "MDc6TGljZW5zZTI="}, "forks": 72, "open_issues": 7, "watchers": 40, "default_branch": "master", "permissions": {"admin": false, "push": false, "pull": true}, "organization": {"login": "ROBOTIS-GIT", "id": 14007947, "node_id": "MDEyOk9yZ2FuaXphdGlvbjE0MDA3OTQ3", "avatar_url": "https://avatars1.githubusercontent.com/u/14007947?v=4", "gravatar_id": "", "url": "https://api.github.com/users/ROBOTIS-GIT", "html_url": "https://github.com/ROBOTIS-GIT", "followers_url": "https://api.github.com/users/ROBOTIS-GIT/followers", "following_url": "https://api.github.com/users/ROBOTIS-GIT/following{/other_user}", "gists_url": "https://api.github.com/users/ROBOTIS-GIT/gists{/gist_id}", "starred_url": "https://api.github.com/users/ROBOTIS-GIT/starred{/owner}{/repo}", "subscriptions_url": "https://api.github.com/users/ROBOTIS-GIT/subscriptions", "organizations_url": "https://api.github.com/users/ROBOTIS-GIT/orgs", "repos_url": "https://api.github.com/users/ROBOTIS-GIT/repos", "events_url": "https://api.github.com/users/ROBOTIS-GIT/events{/privacy}", "received_events_url": "https://api.github.com/users/ROBOTIS-GIT/received_events", "type": "Organization", "site_admin": false}, "network_count": 72, "subscribers_count": 23}, {"id": 80747056, "node_id": "MDEwOlJlcG9zaXRvcnk4MDc0NzA1Ng==", "name": "Ohm2017", "full_name": "iscumd/Ohm2017", "private": false, "owner": {"login": "iscumd", "id": 5955576, "node_id": "MDEyOk9yZ2FuaXphdGlvbjU5NTU1NzY=", "avatar_url": "https://avatars3.githubusercontent.com/u/5955576?v=4", "gravatar_id": "", "url": "https://api.github.com/users/iscumd", "html_url": "https://github.com/iscumd", "followers_url": "https://api.github.com/users/iscumd/followers", "following_url": "https://api.github.com/users/iscumd/following{/other_user}", "gists_url": "https://api.github.com/users/iscumd/gists{/gist_id}", "starred_url": "https://api.github.com/users/iscumd/starred{/owner}{/repo}", "subscriptions_url": "https://api.github.com/users/iscumd/subscriptions", "organizations_url": "https://api.github.com/users/iscumd/orgs", "repos_url": "https://api.github.com/users/iscumd/repos", "events_url": "https://api.github.com/users/iscumd/events{/privacy}", "received_events_url": "https://api.github.com/users/iscumd/received_events", "type": "Organization", "site_admin": false}, "html_url": "https://github.com/iscumd/Ohm2017", "description": "An obstacle course navigating robot", "fork": false, "url": "https://api.github.com/repos/iscumd/Ohm2017", "forks_url": "https://api.github.com/repos/iscumd/Ohm2017/forks", "keys_url": "https://api.github.com/repos/iscumd/Ohm2017/keys{/key_id}", "collaborators_url": "https://api.github.com/repos/iscumd/Ohm2017/collaborators{/collaborator}", "teams_url": "https://api.github.com/repos/iscumd/Ohm2017/teams", "hooks_url": "https://api.github.com/repos/iscumd/Ohm2017/hooks", "issue_events_url": "https://api.github.com/repos/iscumd/Ohm2017/issues/events{/number}", "events_url": "https://api.github.com/repos/iscumd/Ohm2017/events", "assignees_url": "https://api.github.com/repos/iscumd/Ohm2017/assignees{/user}", "branches_url": "https://api.github.com/repos/iscumd/Ohm2017/branches{/branch}", "tags_url": "https://api.github.com/repos/iscumd/Ohm2017/tags", "blobs_url": "https://api.github.com/repos/iscumd/Ohm2017/git/blobs{/sha}", "git_tags_url": "https://api.github.com/repos/iscumd/Ohm2017/git/tags{/sha}", "git_refs_url": "https://api.github.com/repos/iscumd/Ohm2017/git/refs{/sha}", "trees_url": "https://api.github.com/repos/iscumd/Ohm2017/git/trees{/sha}", "statuses_url": "https://api.github.com/repos/iscumd/Ohm2017/statuses/{sha}", "languages_url": "https://api.github.com/repos/iscumd/Ohm2017/languages", "stargazers_url": "https://api.github.com/repos/iscumd/Ohm2017/stargazers", "contributors_url": "https://api.github.com/repos/iscumd/Ohm2017/contributors", "subscribers_url": "https://api.github.com/repos/iscumd/Ohm2017/subscribers", "subscription_url": "https://api.github.com/repos/iscumd/Ohm2017/subscription", "commits_url": "https://api.github.com/repos/iscumd/Ohm2017/commits{/sha}", "git_commits_url": "https://api.github.com/repos/iscumd/Ohm2017/git/commits{/sha}", "comments_url": "https://api.github.com/repos/iscumd/Ohm2017/comments{/number}", "issue_comment_url": "https://api.github.com/repos/iscumd/Ohm2017/issues/comments{/number}", "contents_url": "https://api.github.com/repos/iscumd/Ohm2017/contents/{+path}", "compare_url": "https://api.github.com/repos/iscumd/Ohm2017/compare/{base}...{head}", "merges_url": "https://api.github.com/repos/iscumd/Ohm2017/merges", "archive_url": "https://api.github.com/repos/iscumd/Ohm2017/{archive_format}{/ref}", "downloads_url": "https://api.github.com/repos/iscumd/Ohm2017/downloads", "issues_url": "https://api.github.com/repos/iscumd/Ohm2017/issues{/number}", "pulls_url": "https://api.github.com/repos/iscumd/Ohm2017/pulls{/number}", "milestones_url": "https://api.github.com/repos/iscumd/Ohm2017/milestones{/number}", "notifications_url": "https://api.github.com/repos/iscumd/Ohm2017/notifications{?since,all,participating}", "labels_url": "https://api.github.com/repos/iscumd/Ohm2017/labels{/name}", "releases_url": "https://api.github.com/repos/iscumd/Ohm2017/releases{/id}", "deployments_url": "https://api.github.com/repos/iscumd/Ohm2017/deployments", "created_at": "2017-02-02T17:01:43Z", "updated_at": "2018-09-11T20:46:13Z", "pushed_at": "2017-08-20T21:19:06Z", "git_url": "git://github.com/iscumd/Ohm2017.git", "ssh_url": "git@github.com:iscumd/Ohm2017.git", "clone_url": "https://github.com/iscumd/Ohm2017.git", "svn_url": "https://github.com/iscumd/Ohm2017", "homepage": null, "size": 878, "stargazers_count": 4, "watchers_count": 4, "language": "C++", "has_issues": true, "has_projects": true, "has_downloads": true, "has_wiki": true, "has_pages": false, "forks_count": 4, "mirror_url": null, "archived": false, "disabled": false, "open_issues_count": 9, "license": null, "forks": 4, "open_issues": 9, "watchers": 4, "default_branch": "master", "permissions": {"admin": false, "push": false, "pull": true}, "organization": {"login": "iscumd", "id": 5955576, "node_id": "MDEyOk9yZ2FuaXphdGlvbjU5NTU1NzY=", "avatar_url": "https://avatars3.githubusercontent.com/u/5955576?v=4", "gravatar_id": "", "url": "https://api.github.com/users/iscumd", "html_url": "https://github.com/iscumd", "followers_url": "https://api.github.com/users/iscumd/followers", "following_url": "https://api.github.com/users/iscumd/following{/other_user}", "gists_url": "https://api.github.com/users/iscumd/gists{/gist_id}", "starred_url": "https://api.github.com/users/iscumd/starred{/owner}{/repo}", "subscriptions_url": "https://api.github.com/users/iscumd/subscriptions", "organizations_url": "https://api.github.com/users/iscumd/orgs", "repos_url": "https://api.github.com/users/iscumd/repos", "events_url": "https://api.github.com/users/iscumd/events{/privacy}", "received_events_url": "https://api.github.com/users/iscumd/received_events", "type": "Organization", "site_admin": false}, "network_count": 4, "subscribers_count": 12}, {"id": 103417225, "node_id": "MDEwOlJlcG9zaXRvcnkxMDM0MTcyMjU=", "name": "pacmod_game_control", "full_name": "astuff/pacmod_game_control", "private": false, "owner": {"login": "astuff", "id": 27301217, "node_id": "MDEyOk9yZ2FuaXphdGlvbjI3MzAxMjE3", "avatar_url": "https://avatars1.githubusercontent.com/u/27301217?v=4", "gravatar_id": "", "url": "https://api.github.com/users/astuff", "html_url": "https://github.com/astuff", "followers_url": "https://api.github.com/users/astuff/followers", "following_url": "https://api.github.com/users/astuff/following{/other_user}", "gists_url": "https://api.github.com/users/astuff/gists{/gist_id}", "starred_url": "https://api.github.com/users/astuff/starred{/owner}{/repo}", "subscriptions_url": "https://api.github.com/users/astuff/subscriptions", "organizations_url": "https://api.github.com/users/astuff/orgs", "repos_url": "https://api.github.com/users/astuff/repos", "events_url": "https://api.github.com/users/astuff/events{/privacy}", "received_events_url": "https://api.github.com/users/astuff/received_events", "type": "Organization", "site_admin": false}, "html_url": "https://github.com/astuff/pacmod_game_control", "description": "A demonstration node for controlling the PACMod drive-by-wire system with a standard game controller.", "fork": false, "url": "https://api.github.com/repos/astuff/pacmod_game_control", "forks_url": "https://api.github.com/repos/astuff/pacmod_game_control/forks", "keys_url": "https://api.github.com/repos/astuff/pacmod_game_control/keys{/key_id}", "collaborators_url": "https://api.github.com/repos/astuff/pacmod_game_control/collaborators{/collaborator}", "teams_url": "https://api.github.com/repos/astuff/pacmod_game_control/teams", "hooks_url": "https://api.github.com/repos/astuff/pacmod_game_control/hooks", "issue_events_url": "https://api.github.com/repos/astuff/pacmod_game_control/issues/events{/number}", "events_url": "https://api.github.com/repos/astuff/pacmod_game_control/events", "assignees_url": "https://api.github.com/repos/astuff/pacmod_game_control/assignees{/user}", "branches_url": "https://api.github.com/repos/astuff/pacmod_game_control/branches{/branch}", "tags_url": "https://api.github.com/repos/astuff/pacmod_game_control/tags", "blobs_url": "https://api.github.com/repos/astuff/pacmod_game_control/git/blobs{/sha}", "git_tags_url": "https://api.github.com/repos/astuff/pacmod_game_control/git/tags{/sha}", "git_refs_url": "https://api.github.com/repos/astuff/pacmod_game_control/git/refs{/sha}", "trees_url": "https://api.github.com/repos/astuff/pacmod_game_control/git/trees{/sha}", "statuses_url": "https://api.github.com/repos/astuff/pacmod_game_control/statuses/{sha}", "languages_url": "https://api.github.com/repos/astuff/pacmod_game_control/languages", "stargazers_url": "https://api.github.com/repos/astuff/pacmod_game_control/stargazers", "contributors_url": "https://api.github.com/repos/astuff/pacmod_game_control/contributors", "subscribers_url": "https://api.github.com/repos/astuff/pacmod_game_control/subscribers", "subscription_url": "https://api.github.com/repos/astuff/pacmod_game_control/subscription", "commits_url": "https://api.github.com/repos/astuff/pacmod_game_control/commits{/sha}", "git_commits_url": "https://api.github.com/repos/astuff/pacmod_game_control/git/commits{/sha}", "comments_url": "https://api.github.com/repos/astuff/pacmod_game_control/comments{/number}", "issue_comment_url": "https://api.github.com/repos/astuff/pacmod_game_control/issues/comments{/number}", "contents_url": "https://api.github.com/repos/astuff/pacmod_game_control/contents/{+path}", "compare_url": "https://api.github.com/repos/astuff/pacmod_game_control/compare/{base}...{head}", "merges_url": "https://api.github.com/repos/astuff/pacmod_game_control/merges", "archive_url": "https://api.github.com/repos/astuff/pacmod_game_control/{archive_format}{/ref}", "downloads_url": "https://api.github.com/repos/astuff/pacmod_game_control/downloads", "issues_url": "https://api.github.com/repos/astuff/pacmod_game_control/issues{/number}", "pulls_url": "https://api.github.com/repos/astuff/pacmod_game_control/pulls{/number}", "milestones_url": "https://api.github.com/repos/astuff/pacmod_game_control/milestones{/number}", "notifications_url": "https://api.github.com/repos/astuff/pacmod_game_control/notifications{?since,all,participating}", "labels_url": "https://api.github.com/repos/astuff/pacmod_game_control/labels{/name}", "releases_url": "https://api.github.com/repos/astuff/pacmod_game_control/releases{/id}", "deployments_url": "https://api.github.com/repos/astuff/pacmod_game_control/deployments", "created_at": "2017-09-13T15:28:01Z", "updated_at": "2019-02-21T18:45:18Z", "pushed_at": "2019-02-27T16:25:40Z", "git_url": "git://github.com/astuff/pacmod_game_control.git", "ssh_url": "git@github.com:astuff/pacmod_game_control.git", "clone_url": "https://github.com/astuff/pacmod_game_control.git", "svn_url": "https://github.com/astuff/pacmod_game_control", "homepage": "", "size": 236, "stargazers_count": 6, "watchers_count": 6, "language": "C++", "has_issues": true, "has_projects": true, "has_downloads": true, "has_wiki": true, "has_pages": false, "forks_count": 5, "mirror_url": null, "archived": false, "disabled": false, "open_issues_count": 2, "license": {"key": "mit", "name": "MIT License", "spdx_id": "MIT", "url": "https://api.github.com/licenses/mit", "node_id": "MDc6TGljZW5zZTEz"}, "forks": 5, "open_issues": 2, "watchers": 6, "default_branch": "master", "permissions": {"admin": false, "push": false, "pull": true}, "organization": {"login": "astuff", "id": 27301217, "node_id": "MDEyOk9yZ2FuaXphdGlvbjI3MzAxMjE3", "avatar_url": "https://avatars1.githubusercontent.com/u/27301217?v=4", "gravatar_id": "", "url": "https://api.github.com/users/astuff", "html_url": "https://github.com/astuff", "followers_url": "https://api.github.com/users/astuff/followers", "following_url": "https://api.github.com/users/astuff/following{/other_user}", "gists_url": "https://api.github.com/users/astuff/gists{/gist_id}", "starred_url": "https://api.github.com/users/astuff/starred{/owner}{/repo}", "subscriptions_url": "https://api.github.com/users/astuff/subscriptions", "organizations_url": "https://api.github.com/users/astuff/orgs", "repos_url": "https://api.github.com/users/astuff/repos", "events_url": "https://api.github.com/users/astuff/events{/privacy}", "received_events_url": "https://api.github.com/users/astuff/received_events", "type": "Organization", "site_admin": false}, "network_count": 5, "subscribers_count": 5}, {"id": 105902092, "node_id": "MDEwOlJlcG9zaXRvcnkxMDU5MDIwOTI=", "name": "GT_mobile_robotics", "full_name": "RobinAmsters/GT_mobile_robotics", "private": false, "owner": {"login": "RobinAmsters", "id": 24735023, "node_id": "MDQ6VXNlcjI0NzM1MDIz", "avatar_url": "https://avatars2.githubusercontent.com/u/24735023?v=4", "gravatar_id": "", "url": "https://api.github.com/users/RobinAmsters", "html_url": "https://github.com/RobinAmsters", "followers_url": "https://api.github.com/users/RobinAmsters/followers", "following_url": "https://api.github.com/users/RobinAmsters/following{/other_user}", "gists_url": "https://api.github.com/users/RobinAmsters/gists{/gist_id}", "starred_url": "https://api.github.com/users/RobinAmsters/starred{/owner}{/repo}", "subscriptions_url": "https://api.github.com/users/RobinAmsters/subscriptions", "organizations_url": "https://api.github.com/users/RobinAmsters/orgs", "repos_url": "https://api.github.com/users/RobinAmsters/repos", "events_url": "https://api.github.com/users/RobinAmsters/events{/privacy}", "received_events_url": "https://api.github.com/users/RobinAmsters/received_events", "type": "User", "site_admin": false}, "html_url": "https://github.com/RobinAmsters/GT_mobile_robotics", "description": "Course materials for mobile robotics related courses at group T", "fork": false, "url": "https://api.github.com/repos/RobinAmsters/GT_mobile_robotics", "forks_url": "https://api.github.com/repos/RobinAmsters/GT_mobile_robotics/forks", "keys_url": "https://api.github.com/repos/RobinAmsters/GT_mobile_robotics/keys{/key_id}", "collaborators_url": "https://api.github.com/repos/RobinAmsters/GT_mobile_robotics/collaborators{/collaborator}", "teams_url": "https://api.github.com/repos/RobinAmsters/GT_mobile_robotics/teams", "hooks_url": "https://api.github.com/repos/RobinAmsters/GT_mobile_robotics/hooks", "issue_events_url": "https://api.github.com/repos/RobinAmsters/GT_mobile_robotics/issues/events{/number}", "events_url": "https://api.github.com/repos/RobinAmsters/GT_mobile_robotics/events", "assignees_url": "https://api.github.com/repos/RobinAmsters/GT_mobile_robotics/assignees{/user}", "branches_url": "https://api.github.com/repos/RobinAmsters/GT_mobile_robotics/branches{/branch}", "tags_url": "https://api.github.com/repos/RobinAmsters/GT_mobile_robotics/tags", "blobs_url": "https://api.github.com/repos/RobinAmsters/GT_mobile_robotics/git/blobs{/sha}", "git_tags_url": "https://api.github.com/repos/RobinAmsters/GT_mobile_robotics/git/tags{/sha}", "git_refs_url": "https://api.github.com/repos/RobinAmsters/GT_mobile_robotics/git/refs{/sha}", "trees_url": "https://api.github.com/repos/RobinAmsters/GT_mobile_robotics/git/trees{/sha}", "statuses_url": "https://api.github.com/repos/RobinAmsters/GT_mobile_robotics/statuses/{sha}", "languages_url": "https://api.github.com/repos/RobinAmsters/GT_mobile_robotics/languages", "stargazers_url": "https://api.github.com/repos/RobinAmsters/GT_mobile_robotics/stargazers", "contributors_url": "https://api.github.com/repos/RobinAmsters/GT_mobile_robotics/contributors", "subscribers_url": "https://api.github.com/repos/RobinAmsters/GT_mobile_robotics/subscribers", "subscription_url": "https://api.github.com/repos/RobinAmsters/GT_mobile_robotics/subscription", "commits_url": "https://api.github.com/repos/RobinAmsters/GT_mobile_robotics/commits{/sha}", "git_commits_url": "https://api.github.com/repos/RobinAmsters/GT_mobile_robotics/git/commits{/sha}", "comments_url": "https://api.github.com/repos/RobinAmsters/GT_mobile_robotics/comments{/number}", "issue_comment_url": "https://api.github.com/repos/RobinAmsters/GT_mobile_robotics/issues/comments{/number}", "contents_url": "https://api.github.com/repos/RobinAmsters/GT_mobile_robotics/contents/{+path}", "compare_url": "https://api.github.com/repos/RobinAmsters/GT_mobile_robotics/compare/{base}...{head}", "merges_url": "https://api.github.com/repos/RobinAmsters/GT_mobile_robotics/merges", "archive_url": "https://api.github.com/repos/RobinAmsters/GT_mobile_robotics/{archive_format}{/ref}", "downloads_url": "https://api.github.com/repos/RobinAmsters/GT_mobile_robotics/downloads", "issues_url": "https://api.github.com/repos/RobinAmsters/GT_mobile_robotics/issues{/number}", "pulls_url": "https://api.github.com/repos/RobinAmsters/GT_mobile_robotics/pulls{/number}", "milestones_url": "https://api.github.com/repos/RobinAmsters/GT_mobile_robotics/milestones{/number}", "notifications_url": "https://api.github.com/repos/RobinAmsters/GT_mobile_robotics/notifications{?since,all,participating}", "labels_url": "https://api.github.com/repos/RobinAmsters/GT_mobile_robotics/labels{/name}", "releases_url": "https://api.github.com/repos/RobinAmsters/GT_mobile_robotics/releases{/id}", "deployments_url": "https://api.github.com/repos/RobinAmsters/GT_mobile_robotics/deployments", "created_at": "2017-10-05T14:46:30Z", "updated_at": "2018-11-12T10:13:24Z", "pushed_at": "2019-04-23T14:57:19Z", "git_url": "git://github.com/RobinAmsters/GT_mobile_robotics.git", "ssh_url": "git@github.com:RobinAmsters/GT_mobile_robotics.git", "clone_url": "https://github.com/RobinAmsters/GT_mobile_robotics.git", "svn_url": "https://github.com/RobinAmsters/GT_mobile_robotics", "homepage": "", "size": 31604, "stargazers_count": 2, "watchers_count": 2, "language": "Matlab", "has_issues": true, "has_projects": true, "has_downloads": true, "has_wiki": true, "has_pages": false, "forks_count": 1, "mirror_url": null, "archived": false, "disabled": false, "open_issues_count": 2, "license": null, "forks": 1, "open_issues": 2, "watchers": 2, "default_branch": "master", "permissions": {"admin": false, "push": false, "pull": true}, "network_count": 1, "subscribers_count": 0}, {"id": 67728278, "node_id": "MDEwOlJlcG9zaXRvcnk2NzcyODI3OA==", "name": "fetch_pbd", "full_name": "fetchrobotics/fetch_pbd", "private": false, "owner": {"login": "fetchrobotics", "id": 9605071, "node_id": "MDEyOk9yZ2FuaXphdGlvbjk2MDUwNzE=", "avatar_url": "https://avatars1.githubusercontent.com/u/9605071?v=4", "gravatar_id": "", "url": "https://api.github.com/users/fetchrobotics", "html_url": "https://github.com/fetchrobotics", "followers_url": "https://api.github.com/users/fetchrobotics/followers", "following_url": "https://api.github.com/users/fetchrobotics/following{/other_user}", "gists_url": "https://api.github.com/users/fetchrobotics/gists{/gist_id}", "starred_url": "https://api.github.com/users/fetchrobotics/starred{/owner}{/repo}", "subscriptions_url": "https://api.github.com/users/fetchrobotics/subscriptions", "organizations_url": "https://api.github.com/users/fetchrobotics/orgs", "repos_url": "https://api.github.com/users/fetchrobotics/repos", "events_url": "https://api.github.com/users/fetchrobotics/events{/privacy}", "received_events_url": "https://api.github.com/users/fetchrobotics/received_events", "type": "Organization", "site_admin": false}, "html_url": "https://github.com/fetchrobotics/fetch_pbd", "description": "Programming by Demonstration for Fetch", "fork": false, "url": "https://api.github.com/repos/fetchrobotics/fetch_pbd", "forks_url": "https://api.github.com/repos/fetchrobotics/fetch_pbd/forks", "keys_url": "https://api.github.com/repos/fetchrobotics/fetch_pbd/keys{/key_id}", "collaborators_url": "https://api.github.com/repos/fetchrobotics/fetch_pbd/collaborators{/collaborator}", "teams_url": "https://api.github.com/repos/fetchrobotics/fetch_pbd/teams", "hooks_url": "https://api.github.com/repos/fetchrobotics/fetch_pbd/hooks", "issue_events_url": "https://api.github.com/repos/fetchrobotics/fetch_pbd/issues/events{/number}", "events_url": "https://api.github.com/repos/fetchrobotics/fetch_pbd/events", "assignees_url": "https://api.github.com/repos/fetchrobotics/fetch_pbd/assignees{/user}", "branches_url": "https://api.github.com/repos/fetchrobotics/fetch_pbd/branches{/branch}", "tags_url": "https://api.github.com/repos/fetchrobotics/fetch_pbd/tags", "blobs_url": "https://api.github.com/repos/fetchrobotics/fetch_pbd/git/blobs{/sha}", "git_tags_url": "https://api.github.com/repos/fetchrobotics/fetch_pbd/git/tags{/sha}", "git_refs_url": "https://api.github.com/repos/fetchrobotics/fetch_pbd/git/refs{/sha}", "trees_url": "https://api.github.com/repos/fetchrobotics/fetch_pbd/git/trees{/sha}", "statuses_url": "https://api.github.com/repos/fetchrobotics/fetch_pbd/statuses/{sha}", "languages_url": "https://api.github.com/repos/fetchrobotics/fetch_pbd/languages", "stargazers_url": "https://api.github.com/repos/fetchrobotics/fetch_pbd/stargazers", "contributors_url": "https://api.github.com/repos/fetchrobotics/fetch_pbd/contributors", "subscribers_url": "https://api.github.com/repos/fetchrobotics/fetch_pbd/subscribers", "subscription_url": "https://api.github.com/repos/fetchrobotics/fetch_pbd/subscription", "commits_url": "https://api.github.com/repos/fetchrobotics/fetch_pbd/commits{/sha}", "git_commits_url": "https://api.github.com/repos/fetchrobotics/fetch_pbd/git/commits{/sha}", "comments_url": "https://api.github.com/repos/fetchrobotics/fetch_pbd/comments{/number}", "issue_comment_url": "https://api.github.com/repos/fetchrobotics/fetch_pbd/issues/comments{/number}", "contents_url": "https://api.github.com/repos/fetchrobotics/fetch_pbd/contents/{+path}", "compare_url": "https://api.github.com/repos/fetchrobotics/fetch_pbd/compare/{base}...{head}", "merges_url": "https://api.github.com/repos/fetchrobotics/fetch_pbd/merges", "archive_url": "https://api.github.com/repos/fetchrobotics/fetch_pbd/{archive_format}{/ref}", "downloads_url": "https://api.github.com/repos/fetchrobotics/fetch_pbd/downloads", "issues_url": "https://api.github.com/repos/fetchrobotics/fetch_pbd/issues{/number}", "pulls_url": "https://api.github.com/repos/fetchrobotics/fetch_pbd/pulls{/number}", "milestones_url": "https://api.github.com/repos/fetchrobotics/fetch_pbd/milestones{/number}", "notifications_url": "https://api.github.com/repos/fetchrobotics/fetch_pbd/notifications{?since,all,participating}", "labels_url": "https://api.github.com/repos/fetchrobotics/fetch_pbd/labels{/name}", "releases_url": "https://api.github.com/repos/fetchrobotics/fetch_pbd/releases{/id}", "deployments_url": "https://api.github.com/repos/fetchrobotics/fetch_pbd/deployments", "created_at": "2016-09-08T18:11:59Z", "updated_at": "2019-01-17T21:44:41Z", "pushed_at": "2017-08-08T20:52:04Z", "git_url": "git://github.com/fetchrobotics/fetch_pbd.git", "ssh_url": "git@github.com:fetchrobotics/fetch_pbd.git", "clone_url": "https://github.com/fetchrobotics/fetch_pbd.git", "svn_url": "https://github.com/fetchrobotics/fetch_pbd", "homepage": null, "size": 1828, "stargazers_count": 10, "watchers_count": 10, "language": "HTML", "has_issues": true, "has_projects": true, "has_downloads": true, "has_wiki": false, "has_pages": false, "forks_count": 6, "mirror_url": null, "archived": false, "disabled": false, "open_issues_count": 5, "license": {"key": "bsd-3-clause", "name": "BSD 3-Clause \"New\" or \"Revised\" License", "spdx_id": "BSD-3-Clause", "url": "https://api.github.com/licenses/bsd-3-clause", "node_id": "MDc6TGljZW5zZTU="}, "forks": 6, "open_issues": 5, "watchers": 10, "default_branch": "master", "permissions": {"admin": false, "push": false, "pull": true}, "organization": {"login": "fetchrobotics", "id": 9605071, "node_id": "MDEyOk9yZ2FuaXphdGlvbjk2MDUwNzE=", "avatar_url": "https://avatars1.githubusercontent.com/u/9605071?v=4", "gravatar_id": "", "url": "https://api.github.com/users/fetchrobotics", "html_url": "https://github.com/fetchrobotics", "followers_url": "https://api.github.com/users/fetchrobotics/followers", "following_url": "https://api.github.com/users/fetchrobotics/following{/other_user}", "gists_url": "https://api.github.com/users/fetchrobotics/gists{/gist_id}", "starred_url": "https://api.github.com/users/fetchrobotics/starred{/owner}{/repo}", "subscriptions_url": "https://api.github.com/users/fetchrobotics/subscriptions", "organizations_url": "https://api.github.com/users/fetchrobotics/orgs", "repos_url": "https://api.github.com/users/fetchrobotics/repos", "events_url": "https://api.github.com/users/fetchrobotics/events{/privacy}", "received_events_url": "https://api.github.com/users/fetchrobotics/received_events", "type": "Organization", "site_admin": false}, "network_count": 6, "subscribers_count": 23}, {"id": 5932007, "node_id": "MDEwOlJlcG9zaXRvcnk1OTMyMDA3", "name": "turtlebot_apps", "full_name": "turtlebot/turtlebot_apps", "private": false, "owner": {"login": "turtlebot", "id": 2200113, "node_id": "MDEyOk9yZ2FuaXphdGlvbjIyMDAxMTM=", "avatar_url": "https://avatars2.githubusercontent.com/u/2200113?v=4", "gravatar_id": "", "url": "https://api.github.com/users/turtlebot", "html_url": "https://github.com/turtlebot", "followers_url": "https://api.github.com/users/turtlebot/followers", "following_url": "https://api.github.com/users/turtlebot/following{/other_user}", "gists_url": "https://api.github.com/users/turtlebot/gists{/gist_id}", "starred_url": "https://api.github.com/users/turtlebot/starred{/owner}{/repo}", "subscriptions_url": "https://api.github.com/users/turtlebot/subscriptions", "organizations_url": "https://api.github.com/users/turtlebot/orgs", "repos_url": "https://api.github.com/users/turtlebot/repos", "events_url": "https://api.github.com/users/turtlebot/events{/privacy}", "received_events_url": "https://api.github.com/users/turtlebot/received_events", "type": "Organization", "site_admin": false}, "html_url": "https://github.com/turtlebot/turtlebot_apps", "description": "A group of simple demos and exmaples to run on your TurtleBot to help you get started with ROS and TurtleBot.", "fork": false, "url": "https://api.github.com/repos/turtlebot/turtlebot_apps", "forks_url": "https://api.github.com/repos/turtlebot/turtlebot_apps/forks", "keys_url": "https://api.github.com/repos/turtlebot/turtlebot_apps/keys{/key_id}", "collaborators_url": "https://api.github.com/repos/turtlebot/turtlebot_apps/collaborators{/collaborator}", "teams_url": "https://api.github.com/repos/turtlebot/turtlebot_apps/teams", "hooks_url": "https://api.github.com/repos/turtlebot/turtlebot_apps/hooks", "issue_events_url": "https://api.github.com/repos/turtlebot/turtlebot_apps/issues/events{/number}", "events_url": "https://api.github.com/repos/turtlebot/turtlebot_apps/events", "assignees_url": "https://api.github.com/repos/turtlebot/turtlebot_apps/assignees{/user}", "branches_url": "https://api.github.com/repos/turtlebot/turtlebot_apps/branches{/branch}", "tags_url": "https://api.github.com/repos/turtlebot/turtlebot_apps/tags", "blobs_url": "https://api.github.com/repos/turtlebot/turtlebot_apps/git/blobs{/sha}", "git_tags_url": "https://api.github.com/repos/turtlebot/turtlebot_apps/git/tags{/sha}", "git_refs_url": "https://api.github.com/repos/turtlebot/turtlebot_apps/git/refs{/sha}", "trees_url": "https://api.github.com/repos/turtlebot/turtlebot_apps/git/trees{/sha}", "statuses_url": "https://api.github.com/repos/turtlebot/turtlebot_apps/statuses/{sha}", "languages_url": "https://api.github.com/repos/turtlebot/turtlebot_apps/languages", "stargazers_url": "https://api.github.com/repos/turtlebot/turtlebot_apps/stargazers", "contributors_url": "https://api.github.com/repos/turtlebot/turtlebot_apps/contributors", "subscribers_url": "https://api.github.com/repos/turtlebot/turtlebot_apps/subscribers", "subscription_url": "https://api.github.com/repos/turtlebot/turtlebot_apps/subscription", "commits_url": "https://api.github.com/repos/turtlebot/turtlebot_apps/commits{/sha}", "git_commits_url": "https://api.github.com/repos/turtlebot/turtlebot_apps/git/commits{/sha}", "comments_url": "https://api.github.com/repos/turtlebot/turtlebot_apps/comments{/number}", "issue_comment_url": "https://api.github.com/repos/turtlebot/turtlebot_apps/issues/comments{/number}", "contents_url": "https://api.github.com/repos/turtlebot/turtlebot_apps/contents/{+path}", "compare_url": "https://api.github.com/repos/turtlebot/turtlebot_apps/compare/{base}...{head}", "merges_url": "https://api.github.com/repos/turtlebot/turtlebot_apps/merges", "archive_url": "https://api.github.com/repos/turtlebot/turtlebot_apps/{archive_format}{/ref}", "downloads_url": "https://api.github.com/repos/turtlebot/turtlebot_apps/downloads", "issues_url": "https://api.github.com/repos/turtlebot/turtlebot_apps/issues{/number}", "pulls_url": "https://api.github.com/repos/turtlebot/turtlebot_apps/pulls{/number}", "milestones_url": "https://api.github.com/repos/turtlebot/turtlebot_apps/milestones{/number}", "notifications_url": "https://api.github.com/repos/turtlebot/turtlebot_apps/notifications{?since,all,participating}", "labels_url": "https://api.github.com/repos/turtlebot/turtlebot_apps/labels{/name}", "releases_url": "https://api.github.com/repos/turtlebot/turtlebot_apps/releases{/id}", "deployments_url": "https://api.github.com/repos/turtlebot/turtlebot_apps/deployments", "created_at": "2012-09-24T08:58:35Z", "updated_at": "2019-06-04T06:47:31Z", "pushed_at": "2018-04-05T09:28:34Z", "git_url": "git://github.com/turtlebot/turtlebot_apps.git", "ssh_url": "git@github.com:turtlebot/turtlebot_apps.git", "clone_url": "https://github.com/turtlebot/turtlebot_apps.git", "svn_url": "https://github.com/turtlebot/turtlebot_apps", "homepage": "http://www.ros.org/wiki/turtlebot_apps", "size": 3066, "stargazers_count": 116, "watchers_count": 116, "language": "C++", "has_issues": true, "has_projects": true, "has_downloads": true, "has_wiki": true, "has_pages": false, "forks_count": 157, "mirror_url": null, "archived": false, "disabled": false, "open_issues_count": 24, "license": null, "forks": 157, "open_issues": 24, "watchers": 116, "default_branch": "indigo", "permissions": {"admin": false, "push": false, "pull": true}, "organization": {"login": "turtlebot", "id": 2200113, "node_id": "MDEyOk9yZ2FuaXphdGlvbjIyMDAxMTM=", "avatar_url": "https://avatars2.githubusercontent.com/u/2200113?v=4", "gravatar_id": "", "url": "https://api.github.com/users/turtlebot", "html_url": "https://github.com/turtlebot", "followers_url": "https://api.github.com/users/turtlebot/followers", "following_url": "https://api.github.com/users/turtlebot/following{/other_user}", "gists_url": "https://api.github.com/users/turtlebot/gists{/gist_id}", "starred_url": "https://api.github.com/users/turtlebot/starred{/owner}{/repo}", "subscriptions_url": "https://api.github.com/users/turtlebot/subscriptions", "organizations_url": "https://api.github.com/users/turtlebot/orgs", "repos_url": "https://api.github.com/users/turtlebot/repos", "events_url": "https://api.github.com/users/turtlebot/events{/privacy}", "received_events_url": "https://api.github.com/users/turtlebot/received_events", "type": "Organization", "site_admin": false}, "network_count": 157, "subscribers_count": 29}, {"id": 5474822, "node_id": "MDEwOlJlcG9zaXRvcnk1NDc0ODIy", "name": "ros_tutorials", "full_name": "ros/ros_tutorials", "private": false, "owner": {"login": "ros", "id": 547448, "node_id": "MDEyOk9yZ2FuaXphdGlvbjU0NzQ0OA==", "avatar_url": "https://avatars2.githubusercontent.com/u/547448?v=4", "gravatar_id": "", "url": "https://api.github.com/users/ros", "html_url": "https://github.com/ros", "followers_url": "https://api.github.com/users/ros/followers", "following_url": "https://api.github.com/users/ros/following{/other_user}", "gists_url": "https://api.github.com/users/ros/gists{/gist_id}", "starred_url": "https://api.github.com/users/ros/starred{/owner}{/repo}", "subscriptions_url": "https://api.github.com/users/ros/subscriptions", "organizations_url": "https://api.github.com/users/ros/orgs", "repos_url": "https://api.github.com/users/ros/repos", "events_url": "https://api.github.com/users/ros/events{/privacy}", "received_events_url": "https://api.github.com/users/ros/received_events", "type": "Organization", "site_admin": false}, "html_url": "https://github.com/ros/ros_tutorials", "description": "Code used in tutorials found on ROS wiki", "fork": false, "url": "https://api.github.com/repos/ros/ros_tutorials", "forks_url": "https://api.github.com/repos/ros/ros_tutorials/forks", "keys_url": "https://api.github.com/repos/ros/ros_tutorials/keys{/key_id}", "collaborators_url": "https://api.github.com/repos/ros/ros_tutorials/collaborators{/collaborator}", "teams_url": "https://api.github.com/repos/ros/ros_tutorials/teams", "hooks_url": "https://api.github.com/repos/ros/ros_tutorials/hooks", "issue_events_url": "https://api.github.com/repos/ros/ros_tutorials/issues/events{/number}", "events_url": "https://api.github.com/repos/ros/ros_tutorials/events", "assignees_url": "https://api.github.com/repos/ros/ros_tutorials/assignees{/user}", "branches_url": "https://api.github.com/repos/ros/ros_tutorials/branches{/branch}", "tags_url": "https://api.github.com/repos/ros/ros_tutorials/tags", "blobs_url": "https://api.github.com/repos/ros/ros_tutorials/git/blobs{/sha}", "git_tags_url": "https://api.github.com/repos/ros/ros_tutorials/git/tags{/sha}", "git_refs_url": "https://api.github.com/repos/ros/ros_tutorials/git/refs{/sha}", "trees_url": "https://api.github.com/repos/ros/ros_tutorials/git/trees{/sha}", "statuses_url": "https://api.github.com/repos/ros/ros_tutorials/statuses/{sha}", "languages_url": "https://api.github.com/repos/ros/ros_tutorials/languages", "stargazers_url": "https://api.github.com/repos/ros/ros_tutorials/stargazers", "contributors_url": "https://api.github.com/repos/ros/ros_tutorials/contributors", "subscribers_url": "https://api.github.com/repos/ros/ros_tutorials/subscribers", "subscription_url": "https://api.github.com/repos/ros/ros_tutorials/subscription", "commits_url": "https://api.github.com/repos/ros/ros_tutorials/commits{/sha}", "git_commits_url": "https://api.github.com/repos/ros/ros_tutorials/git/commits{/sha}", "comments_url": "https://api.github.com/repos/ros/ros_tutorials/comments{/number}", "issue_comment_url": "https://api.github.com/repos/ros/ros_tutorials/issues/comments{/number}", "contents_url": "https://api.github.com/repos/ros/ros_tutorials/contents/{+path}", "compare_url": "https://api.github.com/repos/ros/ros_tutorials/compare/{base}...{head}", "merges_url": "https://api.github.com/repos/ros/ros_tutorials/merges", "archive_url": "https://api.github.com/repos/ros/ros_tutorials/{archive_format}{/ref}", "downloads_url": "https://api.github.com/repos/ros/ros_tutorials/downloads", "issues_url": "https://api.github.com/repos/ros/ros_tutorials/issues{/number}", "pulls_url": "https://api.github.com/repos/ros/ros_tutorials/pulls{/number}", "milestones_url": "https://api.github.com/repos/ros/ros_tutorials/milestones{/number}", "notifications_url": "https://api.github.com/repos/ros/ros_tutorials/notifications{?since,all,participating}", "labels_url": "https://api.github.com/repos/ros/ros_tutorials/labels{/name}", "releases_url": "https://api.github.com/repos/ros/ros_tutorials/releases{/id}", "deployments_url": "https://api.github.com/repos/ros/ros_tutorials/deployments", "created_at": "2012-08-19T22:25:02Z", "updated_at": "2019-06-01T14:25:36Z", "pushed_at": "2019-05-17T04:14:11Z", "git_url": "git://github.com/ros/ros_tutorials.git", "ssh_url": "git@github.com:ros/ros_tutorials.git", "clone_url": "https://github.com/ros/ros_tutorials.git", "svn_url": "https://github.com/ros/ros_tutorials", "homepage": "http://wiki.ros.org/ros_tutorials", "size": 456, "stargazers_count": 228, "watchers_count": 228, "language": "C++", "has_issues": true, "has_projects": false, "has_downloads": true, "has_wiki": false, "has_pages": false, "forks_count": 243, "mirror_url": null, "archived": false, "disabled": false, "open_issues_count": 1, "license": null, "forks": 243, "open_issues": 1, "watchers": 228, "default_branch": "melodic-devel", "permissions": {"admin": false, "push": false, "pull": true}, "organization": {"login": "ros", "id": 547448, "node_id": "MDEyOk9yZ2FuaXphdGlvbjU0NzQ0OA==", "avatar_url": "https://avatars2.githubusercontent.com/u/547448?v=4", "gravatar_id": "", "url": "https://api.github.com/users/ros", "html_url": "https://github.com/ros", "followers_url": "https://api.github.com/users/ros/followers", "following_url": "https://api.github.com/users/ros/following{/other_user}", "gists_url": "https://api.github.com/users/ros/gists{/gist_id}", "starred_url": "https://api.github.com/users/ros/starred{/owner}{/repo}", "subscriptions_url": "https://api.github.com/users/ros/subscriptions", "organizations_url": "https://api.github.com/users/ros/orgs", "repos_url": "https://api.github.com/users/ros/repos", "events_url": "https://api.github.com/users/ros/events{/privacy}", "received_events_url": "https://api.github.com/users/ros/received_events", "type": "Organization", "site_admin": false}, "network_count": 243, "subscribers_count": 43}, {"id": 6232464, "node_id": "MDEwOlJlcG9zaXRvcnk2MjMyNDY0", "name": "visualization_tutorials", "full_name": "ros-visualization/visualization_tutorials", "private": false, "owner": {"login": "ros-visualization", "id": 2328629, "node_id": "MDEyOk9yZ2FuaXphdGlvbjIzMjg2Mjk=", "avatar_url": "https://avatars2.githubusercontent.com/u/2328629?v=4", "gravatar_id": "", "url": "https://api.github.com/users/ros-visualization", "html_url": "https://github.com/ros-visualization", "followers_url": "https://api.github.com/users/ros-visualization/followers", "following_url": "https://api.github.com/users/ros-visualization/following{/other_user}", "gists_url": "https://api.github.com/users/ros-visualization/gists{/gist_id}", "starred_url": "https://api.github.com/users/ros-visualization/starred{/owner}{/repo}", "subscriptions_url": "https://api.github.com/users/ros-visualization/subscriptions", "organizations_url": "https://api.github.com/users/ros-visualization/orgs", "repos_url": "https://api.github.com/users/ros-visualization/repos", "events_url": "https://api.github.com/users/ros-visualization/events{/privacy}", "received_events_url": "https://api.github.com/users/ros-visualization/received_events", "type": "Organization", "site_admin": false}, "html_url": "https://github.com/ros-visualization/visualization_tutorials", "description": "Tutorials related to using and extending RViz and interactive_markers.", "fork": false, "url": "https://api.github.com/repos/ros-visualization/visualization_tutorials", "forks_url": "https://api.github.com/repos/ros-visualization/visualization_tutorials/forks", "keys_url": "https://api.github.com/repos/ros-visualization/visualization_tutorials/keys{/key_id}", "collaborators_url": "https://api.github.com/repos/ros-visualization/visualization_tutorials/collaborators{/collaborator}", "teams_url": "https://api.github.com/repos/ros-visualization/visualization_tutorials/teams", "hooks_url": "https://api.github.com/repos/ros-visualization/visualization_tutorials/hooks", "issue_events_url": "https://api.github.com/repos/ros-visualization/visualization_tutorials/issues/events{/number}", "events_url": "https://api.github.com/repos/ros-visualization/visualization_tutorials/events", "assignees_url": "https://api.github.com/repos/ros-visualization/visualization_tutorials/assignees{/user}", "branches_url": "https://api.github.com/repos/ros-visualization/visualization_tutorials/branches{/branch}", "tags_url": "https://api.github.com/repos/ros-visualization/visualization_tutorials/tags", "blobs_url": "https://api.github.com/repos/ros-visualization/visualization_tutorials/git/blobs{/sha}", "git_tags_url": "https://api.github.com/repos/ros-visualization/visualization_tutorials/git/tags{/sha}", "git_refs_url": "https://api.github.com/repos/ros-visualization/visualization_tutorials/git/refs{/sha}", "trees_url": "https://api.github.com/repos/ros-visualization/visualization_tutorials/git/trees{/sha}", "statuses_url": "https://api.github.com/repos/ros-visualization/visualization_tutorials/statuses/{sha}", "languages_url": "https://api.github.com/repos/ros-visualization/visualization_tutorials/languages", "stargazers_url": "https://api.github.com/repos/ros-visualization/visualization_tutorials/stargazers", "contributors_url": "https://api.github.com/repos/ros-visualization/visualization_tutorials/contributors", "subscribers_url": "https://api.github.com/repos/ros-visualization/visualization_tutorials/subscribers", "subscription_url": "https://api.github.com/repos/ros-visualization/visualization_tutorials/subscription", "commits_url": "https://api.github.com/repos/ros-visualization/visualization_tutorials/commits{/sha}", "git_commits_url": "https://api.github.com/repos/ros-visualization/visualization_tutorials/git/commits{/sha}", "comments_url": "https://api.github.com/repos/ros-visualization/visualization_tutorials/comments{/number}", "issue_comment_url": "https://api.github.com/repos/ros-visualization/visualization_tutorials/issues/comments{/number}", "contents_url": "https://api.github.com/repos/ros-visualization/visualization_tutorials/contents/{+path}", "compare_url": "https://api.github.com/repos/ros-visualization/visualization_tutorials/compare/{base}...{head}", "merges_url": "https://api.github.com/repos/ros-visualization/visualization_tutorials/merges", "archive_url": "https://api.github.com/repos/ros-visualization/visualization_tutorials/{archive_format}{/ref}", "downloads_url": "https://api.github.com/repos/ros-visualization/visualization_tutorials/downloads", "issues_url": "https://api.github.com/repos/ros-visualization/visualization_tutorials/issues{/number}", "pulls_url": "https://api.github.com/repos/ros-visualization/visualization_tutorials/pulls{/number}", "milestones_url": "https://api.github.com/repos/ros-visualization/visualization_tutorials/milestones{/number}", "notifications_url": "https://api.github.com/repos/ros-visualization/visualization_tutorials/notifications{?since,all,participating}", "labels_url": "https://api.github.com/repos/ros-visualization/visualization_tutorials/labels{/name}", "releases_url": "https://api.github.com/repos/ros-visualization/visualization_tutorials/releases{/id}", "deployments_url": "https://api.github.com/repos/ros-visualization/visualization_tutorials/deployments", "created_at": "2012-10-15T19:04:19Z", "updated_at": "2019-04-25T02:58:32Z", "pushed_at": "2019-04-16T01:54:08Z", "git_url": "git://github.com/ros-visualization/visualization_tutorials.git", "ssh_url": "git@github.com:ros-visualization/visualization_tutorials.git", "clone_url": "https://github.com/ros-visualization/visualization_tutorials.git", "svn_url": "https://github.com/ros-visualization/visualization_tutorials", "homepage": null, "size": 636, "stargazers_count": 53, "watchers_count": 53, "language": "C++", "has_issues": true, "has_projects": true, "has_downloads": true, "has_wiki": true, "has_pages": false, "forks_count": 127, "mirror_url": null, "archived": false, "disabled": false, "open_issues_count": 3, "license": null, "forks": 127, "open_issues": 3, "watchers": 53, "default_branch": "kinetic-devel", "permissions": {"admin": false, "push": false, "pull": true}, "organization": {"login": "ros-visualization", "id": 2328629, "node_id": "MDEyOk9yZ2FuaXphdGlvbjIzMjg2Mjk=", "avatar_url": "https://avatars2.githubusercontent.com/u/2328629?v=4", "gravatar_id": "", "url": "https://api.github.com/users/ros-visualization", "html_url": "https://github.com/ros-visualization", "followers_url": "https://api.github.com/users/ros-visualization/followers", "following_url": "https://api.github.com/users/ros-visualization/following{/other_user}", "gists_url": "https://api.github.com/users/ros-visualization/gists{/gist_id}", "starred_url": "https://api.github.com/users/ros-visualization/starred{/owner}{/repo}", "subscriptions_url": "https://api.github.com/users/ros-visualization/subscriptions", "organizations_url": "https://api.github.com/users/ros-visualization/orgs", "repos_url": "https://api.github.com/users/ros-visualization/repos", "events_url": "https://api.github.com/users/ros-visualization/events{/privacy}", "received_events_url": "https://api.github.com/users/ros-visualization/received_events", "type": "Organization", "site_admin": false}, "network_count": 127, "subscribers_count": 11}, {"id": 63151214, "node_id": "MDEwOlJlcG9zaXRvcnk2MzE1MTIxNA==", "name": "rosrust", "full_name": "adnanademovic/rosrust", "private": false, "owner": {"login": "adnanademovic", "id": 4988490, "node_id": "MDQ6VXNlcjQ5ODg0OTA=", "avatar_url": "https://avatars1.githubusercontent.com/u/4988490?v=4", "gravatar_id": "", "url": "https://api.github.com/users/adnanademovic", "html_url": "https://github.com/adnanademovic", "followers_url": "https://api.github.com/users/adnanademovic/followers", "following_url": "https://api.github.com/users/adnanademovic/following{/other_user}", "gists_url": "https://api.github.com/users/adnanademovic/gists{/gist_id}", "starred_url": "https://api.github.com/users/adnanademovic/starred{/owner}{/repo}", "subscriptions_url": "https://api.github.com/users/adnanademovic/subscriptions", "organizations_url": "https://api.github.com/users/adnanademovic/orgs", "repos_url": "https://api.github.com/users/adnanademovic/repos", "events_url": "https://api.github.com/users/adnanademovic/events{/privacy}", "received_events_url": "https://api.github.com/users/adnanademovic/received_events", "type": "User", "site_admin": false}, "html_url": "https://github.com/adnanademovic/rosrust", "description": "Pure Rust implementation of a ROS client library", "fork": false, "url": "https://api.github.com/repos/adnanademovic/rosrust", "forks_url": "https://api.github.com/repos/adnanademovic/rosrust/forks", "keys_url": "https://api.github.com/repos/adnanademovic/rosrust/keys{/key_id}", "collaborators_url": "https://api.github.com/repos/adnanademovic/rosrust/collaborators{/collaborator}", "teams_url": "https://api.github.com/repos/adnanademovic/rosrust/teams", "hooks_url": "https://api.github.com/repos/adnanademovic/rosrust/hooks", "issue_events_url": "https://api.github.com/repos/adnanademovic/rosrust/issues/events{/number}", "events_url": "https://api.github.com/repos/adnanademovic/rosrust/events", "assignees_url": "https://api.github.com/repos/adnanademovic/rosrust/assignees{/user}", "branches_url": "https://api.github.com/repos/adnanademovic/rosrust/branches{/branch}", "tags_url": "https://api.github.com/repos/adnanademovic/rosrust/tags", "blobs_url": "https://api.github.com/repos/adnanademovic/rosrust/git/blobs{/sha}", "git_tags_url": "https://api.github.com/repos/adnanademovic/rosrust/git/tags{/sha}", "git_refs_url": "https://api.github.com/repos/adnanademovic/rosrust/git/refs{/sha}", "trees_url": "https://api.github.com/repos/adnanademovic/rosrust/git/trees{/sha}", "statuses_url": "https://api.github.com/repos/adnanademovic/rosrust/statuses/{sha}", "languages_url": "https://api.github.com/repos/adnanademovic/rosrust/languages", "stargazers_url": "https://api.github.com/repos/adnanademovic/rosrust/stargazers", "contributors_url": "https://api.github.com/repos/adnanademovic/rosrust/contributors", "subscribers_url": "https://api.github.com/repos/adnanademovic/rosrust/subscribers", "subscription_url": "https://api.github.com/repos/adnanademovic/rosrust/subscription", "commits_url": "https://api.github.com/repos/adnanademovic/rosrust/commits{/sha}", "git_commits_url": "https://api.github.com/repos/adnanademovic/rosrust/git/commits{/sha}", "comments_url": "https://api.github.com/repos/adnanademovic/rosrust/comments{/number}", "issue_comment_url": "https://api.github.com/repos/adnanademovic/rosrust/issues/comments{/number}", "contents_url": "https://api.github.com/repos/adnanademovic/rosrust/contents/{+path}", "compare_url": "https://api.github.com/repos/adnanademovic/rosrust/compare/{base}...{head}", "merges_url": "https://api.github.com/repos/adnanademovic/rosrust/merges", "archive_url": "https://api.github.com/repos/adnanademovic/rosrust/{archive_format}{/ref}", "downloads_url": "https://api.github.com/repos/adnanademovic/rosrust/downloads", "issues_url": "https://api.github.com/repos/adnanademovic/rosrust/issues{/number}", "pulls_url": "https://api.github.com/repos/adnanademovic/rosrust/pulls{/number}", "milestones_url": "https://api.github.com/repos/adnanademovic/rosrust/milestones{/number}", "notifications_url": "https://api.github.com/repos/adnanademovic/rosrust/notifications{?since,all,participating}", "labels_url": "https://api.github.com/repos/adnanademovic/rosrust/labels{/name}", "releases_url": "https://api.github.com/repos/adnanademovic/rosrust/releases{/id}", "deployments_url": "https://api.github.com/repos/adnanademovic/rosrust/deployments", "created_at": "2016-07-12T11:05:32Z", "updated_at": "2019-06-05T05:25:49Z", "pushed_at": "2019-05-31T11:19:07Z", "git_url": "git://github.com/adnanademovic/rosrust.git", "ssh_url": "git@github.com:adnanademovic/rosrust.git", "clone_url": "https://github.com/adnanademovic/rosrust.git", "svn_url": "https://github.com/adnanademovic/rosrust", "homepage": "", "size": 829, "stargazers_count": 175, "watchers_count": 175, "language": "Rust", "has_issues": true, "has_projects": true, "has_downloads": true, "has_wiki": true, "has_pages": false, "forks_count": 24, "mirror_url": null, "archived": false, "disabled": false, "open_issues_count": 13, "license": {"key": "mit", "name": "MIT License", "spdx_id": "MIT", "url": "https://api.github.com/licenses/mit", "node_id": "MDc6TGljZW5zZTEz"}, "forks": 24, "open_issues": 13, "watchers": 175, "default_branch": "master", "permissions": {"admin": false, "push": false, "pull": true}, "network_count": 24, "subscribers_count": 20}, {"id": 98149634, "node_id": "MDEwOlJlcG9zaXRvcnk5ODE0OTYzNA==", "name": "ROS-Academy-for-Beginners", "full_name": "sychaichangkun/ROS-Academy-for-Beginners", "private": false, "owner": {"login": "sychaichangkun", "id": 15670867, "node_id": "MDQ6VXNlcjE1NjcwODY3", "avatar_url": "https://avatars1.githubusercontent.com/u/15670867?v=4", "gravatar_id": "", "url": "https://api.github.com/users/sychaichangkun", "html_url": "https://github.com/sychaichangkun", "followers_url": "https://api.github.com/users/sychaichangkun/followers", "following_url": "https://api.github.com/users/sychaichangkun/following{/other_user}", "gists_url": "https://api.github.com/users/sychaichangkun/gists{/gist_id}", "starred_url": "https://api.github.com/users/sychaichangkun/starred{/owner}{/repo}", "subscriptions_url": "https://api.github.com/users/sychaichangkun/subscriptions", "organizations_url": "https://api.github.com/users/sychaichangkun/orgs", "repos_url": "https://api.github.com/users/sychaichangkun/repos", "events_url": "https://api.github.com/users/sychaichangkun/events{/privacy}", "received_events_url": "https://api.github.com/users/sychaichangkun/received_events", "type": "User", "site_admin": false}, "html_url": "https://github.com/sychaichangkun/ROS-Academy-for-Beginners", "description": "\u4e2d\u56fd\u5927\u5b66MOOC\u300a\u673a\u5668\u4eba\u64cd\u4f5c\u7cfb\u7edf\u5165\u95e8\u300b\u4ee3\u7801\u793a\u4f8b    ROS tutorial", "fork": false, "url": "https://api.github.com/repos/sychaichangkun/ROS-Academy-for-Beginners", "forks_url": "https://api.github.com/repos/sychaichangkun/ROS-Academy-for-Beginners/forks", "keys_url": "https://api.github.com/repos/sychaichangkun/ROS-Academy-for-Beginners/keys{/key_id}", "collaborators_url": "https://api.github.com/repos/sychaichangkun/ROS-Academy-for-Beginners/collaborators{/collaborator}", "teams_url": "https://api.github.com/repos/sychaichangkun/ROS-Academy-for-Beginners/teams", "hooks_url": "https://api.github.com/repos/sychaichangkun/ROS-Academy-for-Beginners/hooks", "issue_events_url": "https://api.github.com/repos/sychaichangkun/ROS-Academy-for-Beginners/issues/events{/number}", "events_url": "https://api.github.com/repos/sychaichangkun/ROS-Academy-for-Beginners/events", "assignees_url": "https://api.github.com/repos/sychaichangkun/ROS-Academy-for-Beginners/assignees{/user}", "branches_url": "https://api.github.com/repos/sychaichangkun/ROS-Academy-for-Beginners/branches{/branch}", "tags_url": "https://api.github.com/repos/sychaichangkun/ROS-Academy-for-Beginners/tags", "blobs_url": "https://api.github.com/repos/sychaichangkun/ROS-Academy-for-Beginners/git/blobs{/sha}", "git_tags_url": "https://api.github.com/repos/sychaichangkun/ROS-Academy-for-Beginners/git/tags{/sha}", "git_refs_url": "https://api.github.com/repos/sychaichangkun/ROS-Academy-for-Beginners/git/refs{/sha}", "trees_url": "https://api.github.com/repos/sychaichangkun/ROS-Academy-for-Beginners/git/trees{/sha}", "statuses_url": "https://api.github.com/repos/sychaichangkun/ROS-Academy-for-Beginners/statuses/{sha}", "languages_url": "https://api.github.com/repos/sychaichangkun/ROS-Academy-for-Beginners/languages", "stargazers_url": "https://api.github.com/repos/sychaichangkun/ROS-Academy-for-Beginners/stargazers", "contributors_url": "https://api.github.com/repos/sychaichangkun/ROS-Academy-for-Beginners/contributors", "subscribers_url": "https://api.github.com/repos/sychaichangkun/ROS-Academy-for-Beginners/subscribers", "subscription_url": "https://api.github.com/repos/sychaichangkun/ROS-Academy-for-Beginners/subscription", "commits_url": "https://api.github.com/repos/sychaichangkun/ROS-Academy-for-Beginners/commits{/sha}", "git_commits_url": "https://api.github.com/repos/sychaichangkun/ROS-Academy-for-Beginners/git/commits{/sha}", "comments_url": "https://api.github.com/repos/sychaichangkun/ROS-Academy-for-Beginners/comments{/number}", "issue_comment_url": "https://api.github.com/repos/sychaichangkun/ROS-Academy-for-Beginners/issues/comments{/number}", "contents_url": "https://api.github.com/repos/sychaichangkun/ROS-Academy-for-Beginners/contents/{+path}", "compare_url": "https://api.github.com/repos/sychaichangkun/ROS-Academy-for-Beginners/compare/{base}...{head}", "merges_url": "https://api.github.com/repos/sychaichangkun/ROS-Academy-for-Beginners/merges", "archive_url": "https://api.github.com/repos/sychaichangkun/ROS-Academy-for-Beginners/{archive_format}{/ref}", "downloads_url": "https://api.github.com/repos/sychaichangkun/ROS-Academy-for-Beginners/downloads", "issues_url": "https://api.github.com/repos/sychaichangkun/ROS-Academy-for-Beginners/issues{/number}", "pulls_url": "https://api.github.com/repos/sychaichangkun/ROS-Academy-for-Beginners/pulls{/number}", "milestones_url": "https://api.github.com/repos/sychaichangkun/ROS-Academy-for-Beginners/milestones{/number}", "notifications_url": "https://api.github.com/repos/sychaichangkun/ROS-Academy-for-Beginners/notifications{?since,all,participating}", "labels_url": "https://api.github.com/repos/sychaichangkun/ROS-Academy-for-Beginners/labels{/name}", "releases_url": "https://api.github.com/repos/sychaichangkun/ROS-Academy-for-Beginners/releases{/id}", "deployments_url": "https://api.github.com/repos/sychaichangkun/ROS-Academy-for-Beginners/deployments", "created_at": "2017-07-24T04:43:32Z", "updated_at": "2019-05-01T14:38:09Z", "pushed_at": "2019-04-25T03:06:09Z", "git_url": "git://github.com/sychaichangkun/ROS-Academy-for-Beginners.git", "ssh_url": "git@github.com:sychaichangkun/ROS-Academy-for-Beginners.git", "clone_url": "https://github.com/sychaichangkun/ROS-Academy-for-Beginners.git", "svn_url": "https://github.com/sychaichangkun/ROS-Academy-for-Beginners", "homepage": "", "size": 46528, "stargazers_count": 339, "watchers_count": 339, "language": "CMake", "has_issues": true, "has_projects": true, "has_downloads": true, "has_wiki": true, "has_pages": false, "forks_count": 392, "mirror_url": null, "archived": false, "disabled": false, "open_issues_count": 5, "license": null, "forks": 392, "open_issues": 5, "watchers": 339, "default_branch": "master", "permissions": {"admin": false, "push": false, "pull": true}, "network_count": 392, "subscribers_count": 27}, {"id": 123315949, "node_id": "MDEwOlJlcG9zaXRvcnkxMjMzMTU5NDk=", "name": "BosRepo", "full_name": "BosMathias/BosRepo", "private": false, "owner": {"login": "BosMathias", "id": 34745547, "node_id": "MDQ6VXNlcjM0NzQ1NTQ3", "avatar_url": "https://avatars2.githubusercontent.com/u/34745547?v=4", "gravatar_id": "", "url": "https://api.github.com/users/BosMathias", "html_url": "https://github.com/BosMathias", "followers_url": "https://api.github.com/users/BosMathias/followers", "following_url": "https://api.github.com/users/BosMathias/following{/other_user}", "gists_url": "https://api.github.com/users/BosMathias/gists{/gist_id}", "starred_url": "https://api.github.com/users/BosMathias/starred{/owner}{/repo}", "subscriptions_url": "https://api.github.com/users/BosMathias/subscriptions", "organizations_url": "https://api.github.com/users/BosMathias/orgs", "repos_url": "https://api.github.com/users/BosMathias/repos", "events_url": "https://api.github.com/users/BosMathias/events{/privacy}", "received_events_url": "https://api.github.com/users/BosMathias/received_events", "type": "User", "site_admin": false}, "html_url": "https://github.com/BosMathias/BosRepo", "description": "Thesis 'Interactive demo on the indoor  localization, control and navigation of drones'", "fork": false, "url": "https://api.github.com/repos/BosMathias/BosRepo", "forks_url": "https://api.github.com/repos/BosMathias/BosRepo/forks", "keys_url": "https://api.github.com/repos/BosMathias/BosRepo/keys{/key_id}", "collaborators_url": "https://api.github.com/repos/BosMathias/BosRepo/collaborators{/collaborator}", "teams_url": "https://api.github.com/repos/BosMathias/BosRepo/teams", "hooks_url": "https://api.github.com/repos/BosMathias/BosRepo/hooks", "issue_events_url": "https://api.github.com/repos/BosMathias/BosRepo/issues/events{/number}", "events_url": "https://api.github.com/repos/BosMathias/BosRepo/events", "assignees_url": "https://api.github.com/repos/BosMathias/BosRepo/assignees{/user}", "branches_url": "https://api.github.com/repos/BosMathias/BosRepo/branches{/branch}", "tags_url": "https://api.github.com/repos/BosMathias/BosRepo/tags", "blobs_url": "https://api.github.com/repos/BosMathias/BosRepo/git/blobs{/sha}", "git_tags_url": "https://api.github.com/repos/BosMathias/BosRepo/git/tags{/sha}", "git_refs_url": "https://api.github.com/repos/BosMathias/BosRepo/git/refs{/sha}", "trees_url": "https://api.github.com/repos/BosMathias/BosRepo/git/trees{/sha}", "statuses_url": "https://api.github.com/repos/BosMathias/BosRepo/statuses/{sha}", "languages_url": "https://api.github.com/repos/BosMathias/BosRepo/languages", "stargazers_url": "https://api.github.com/repos/BosMathias/BosRepo/stargazers", "contributors_url": "https://api.github.com/repos/BosMathias/BosRepo/contributors", "subscribers_url": "https://api.github.com/repos/BosMathias/BosRepo/subscribers", "subscription_url": "https://api.github.com/repos/BosMathias/BosRepo/subscription", "commits_url": "https://api.github.com/repos/BosMathias/BosRepo/commits{/sha}", "git_commits_url": "https://api.github.com/repos/BosMathias/BosRepo/git/commits{/sha}", "comments_url": "https://api.github.com/repos/BosMathias/BosRepo/comments{/number}", "issue_comment_url": "https://api.github.com/repos/BosMathias/BosRepo/issues/comments{/number}", "contents_url": "https://api.github.com/repos/BosMathias/BosRepo/contents/{+path}", "compare_url": "https://api.github.com/repos/BosMathias/BosRepo/compare/{base}...{head}", "merges_url": "https://api.github.com/repos/BosMathias/BosRepo/merges", "archive_url": "https://api.github.com/repos/BosMathias/BosRepo/{archive_format}{/ref}", "downloads_url": "https://api.github.com/repos/BosMathias/BosRepo/downloads", "issues_url": "https://api.github.com/repos/BosMathias/BosRepo/issues{/number}", "pulls_url": "https://api.github.com/repos/BosMathias/BosRepo/pulls{/number}", "milestones_url": "https://api.github.com/repos/BosMathias/BosRepo/milestones{/number}", "notifications_url": "https://api.github.com/repos/BosMathias/BosRepo/notifications{?since,all,participating}", "labels_url": "https://api.github.com/repos/BosMathias/BosRepo/labels{/name}", "releases_url": "https://api.github.com/repos/BosMathias/BosRepo/releases{/id}", "deployments_url": "https://api.github.com/repos/BosMathias/BosRepo/deployments", "created_at": "2018-02-28T17:05:35Z", "updated_at": "2019-05-02T14:35:31Z", "pushed_at": "2019-05-02T14:35:29Z", "git_url": "git://github.com/BosMathias/BosRepo.git", "ssh_url": "git@github.com:BosMathias/BosRepo.git", "clone_url": "https://github.com/BosMathias/BosRepo.git", "svn_url": "https://github.com/BosMathias/BosRepo", "homepage": "", "size": 17770, "stargazers_count": 3, "watchers_count": 3, "language": "C++", "has_issues": true, "has_projects": true, "has_downloads": true, "has_wiki": true, "has_pages": false, "forks_count": 1, "mirror_url": null, "archived": false, "disabled": false, "open_issues_count": 0, "license": null, "forks": 1, "open_issues": 0, "watchers": 3, "default_branch": "fsm_operational", "permissions": {"admin": false, "push": false, "pull": true}, "network_count": 1, "subscribers_count": 1}, {"id": 10917174, "node_id": "MDEwOlJlcG9zaXRvcnkxMDkxNzE3NA==", "name": "HACMSDemo", "full_name": "PRECISE/HACMSDemo", "private": false, "owner": {"login": "PRECISE", "id": 4611313, "node_id": "MDEyOk9yZ2FuaXphdGlvbjQ2MTEzMTM=", "avatar_url": "https://avatars3.githubusercontent.com/u/4611313?v=4", "gravatar_id": "", "url": "https://api.github.com/users/PRECISE", "html_url": "https://github.com/PRECISE", "followers_url": "https://api.github.com/users/PRECISE/followers", "following_url": "https://api.github.com/users/PRECISE/following{/other_user}", "gists_url": "https://api.github.com/users/PRECISE/gists{/gist_id}", "starred_url": "https://api.github.com/users/PRECISE/starred{/owner}{/repo}", "subscriptions_url": "https://api.github.com/users/PRECISE/subscriptions", "organizations_url": "https://api.github.com/users/PRECISE/orgs", "repos_url": "https://api.github.com/users/PRECISE/repos", "events_url": "https://api.github.com/users/PRECISE/events{/privacy}", "received_events_url": "https://api.github.com/users/PRECISE/received_events", "type": "Organization", "site_admin": false}, "html_url": "https://github.com/PRECISE/HACMSDemo", "description": "A cross-platform graphical Python application used to display ROS telemetry", "fork": false, "url": "https://api.github.com/repos/PRECISE/HACMSDemo", "forks_url": "https://api.github.com/repos/PRECISE/HACMSDemo/forks", "keys_url": "https://api.github.com/repos/PRECISE/HACMSDemo/keys{/key_id}", "collaborators_url": "https://api.github.com/repos/PRECISE/HACMSDemo/collaborators{/collaborator}", "teams_url": "https://api.github.com/repos/PRECISE/HACMSDemo/teams", "hooks_url": "https://api.github.com/repos/PRECISE/HACMSDemo/hooks", "issue_events_url": "https://api.github.com/repos/PRECISE/HACMSDemo/issues/events{/number}", "events_url": "https://api.github.com/repos/PRECISE/HACMSDemo/events", "assignees_url": "https://api.github.com/repos/PRECISE/HACMSDemo/assignees{/user}", "branches_url": "https://api.github.com/repos/PRECISE/HACMSDemo/branches{/branch}", "tags_url": "https://api.github.com/repos/PRECISE/HACMSDemo/tags", "blobs_url": "https://api.github.com/repos/PRECISE/HACMSDemo/git/blobs{/sha}", "git_tags_url": "https://api.github.com/repos/PRECISE/HACMSDemo/git/tags{/sha}", "git_refs_url": "https://api.github.com/repos/PRECISE/HACMSDemo/git/refs{/sha}", "trees_url": "https://api.github.com/repos/PRECISE/HACMSDemo/git/trees{/sha}", "statuses_url": "https://api.github.com/repos/PRECISE/HACMSDemo/statuses/{sha}", "languages_url": "https://api.github.com/repos/PRECISE/HACMSDemo/languages", "stargazers_url": "https://api.github.com/repos/PRECISE/HACMSDemo/stargazers", "contributors_url": "https://api.github.com/repos/PRECISE/HACMSDemo/contributors", "subscribers_url": "https://api.github.com/repos/PRECISE/HACMSDemo/subscribers", "subscription_url": "https://api.github.com/repos/PRECISE/HACMSDemo/subscription", "commits_url": "https://api.github.com/repos/PRECISE/HACMSDemo/commits{/sha}", "git_commits_url": "https://api.github.com/repos/PRECISE/HACMSDemo/git/commits{/sha}", "comments_url": "https://api.github.com/repos/PRECISE/HACMSDemo/comments{/number}", "issue_comment_url": "https://api.github.com/repos/PRECISE/HACMSDemo/issues/comments{/number}", "contents_url": "https://api.github.com/repos/PRECISE/HACMSDemo/contents/{+path}", "compare_url": "https://api.github.com/repos/PRECISE/HACMSDemo/compare/{base}...{head}", "merges_url": "https://api.github.com/repos/PRECISE/HACMSDemo/merges", "archive_url": "https://api.github.com/repos/PRECISE/HACMSDemo/{archive_format}{/ref}", "downloads_url": "https://api.github.com/repos/PRECISE/HACMSDemo/downloads", "issues_url": "https://api.github.com/repos/PRECISE/HACMSDemo/issues{/number}", "pulls_url": "https://api.github.com/repos/PRECISE/HACMSDemo/pulls{/number}", "milestones_url": "https://api.github.com/repos/PRECISE/HACMSDemo/milestones{/number}", "notifications_url": "https://api.github.com/repos/PRECISE/HACMSDemo/notifications{?since,all,participating}", "labels_url": "https://api.github.com/repos/PRECISE/HACMSDemo/labels{/name}", "releases_url": "https://api.github.com/repos/PRECISE/HACMSDemo/releases{/id}", "deployments_url": "https://api.github.com/repos/PRECISE/HACMSDemo/deployments", "created_at": "2013-06-24T18:56:13Z", "updated_at": "2018-12-11T09:21:30Z", "pushed_at": "2014-10-22T18:30:05Z", "git_url": "git://github.com/PRECISE/HACMSDemo.git", "ssh_url": "git@github.com:PRECISE/HACMSDemo.git", "clone_url": "https://github.com/PRECISE/HACMSDemo.git", "svn_url": "https://github.com/PRECISE/HACMSDemo", "homepage": "", "size": 7292, "stargazers_count": 51, "watchers_count": 51, "language": "Python", "has_issues": true, "has_projects": true, "has_downloads": true, "has_wiki": true, "has_pages": false, "forks_count": 27, "mirror_url": null, "archived": false, "disabled": false, "open_issues_count": 0, "license": {"key": "other", "name": "Other", "spdx_id": "NOASSERTION", "url": null, "node_id": "MDc6TGljZW5zZTA="}, "forks": 27, "open_issues": 0, "watchers": 51, "default_branch": "master", "permissions": {"admin": false, "push": false, "pull": true}, "organization": {"login": "PRECISE", "id": 4611313, "node_id": "MDEyOk9yZ2FuaXphdGlvbjQ2MTEzMTM=", "avatar_url": "https://avatars3.githubusercontent.com/u/4611313?v=4", "gravatar_id": "", "url": "https://api.github.com/users/PRECISE", "html_url": "https://github.com/PRECISE", "followers_url": "https://api.github.com/users/PRECISE/followers", "following_url": "https://api.github.com/users/PRECISE/following{/other_user}", "gists_url": "https://api.github.com/users/PRECISE/gists{/gist_id}", "starred_url": "https://api.github.com/users/PRECISE/starred{/owner}{/repo}", "subscriptions_url": "https://api.github.com/users/PRECISE/subscriptions", "organizations_url": "https://api.github.com/users/PRECISE/orgs", "repos_url": "https://api.github.com/users/PRECISE/repos", "events_url": "https://api.github.com/users/PRECISE/events{/privacy}", "received_events_url": "https://api.github.com/users/PRECISE/received_events", "type": "Organization", "site_admin": false}, "network_count": 27, "subscribers_count": 12}, {"id": 83274671, "node_id": "MDEwOlJlcG9zaXRvcnk4MzI3NDY3MQ==", "name": "ros_moveit_rsj_tutorial", "full_name": "gbiggs/ros_moveit_rsj_tutorial", "private": false, "owner": {"login": "gbiggs", "id": 163151, "node_id": "MDQ6VXNlcjE2MzE1MQ==", "avatar_url": "https://avatars3.githubusercontent.com/u/163151?v=4", "gravatar_id": "", "url": "https://api.github.com/users/gbiggs", "html_url": "https://github.com/gbiggs", "followers_url": "https://api.github.com/users/gbiggs/followers", "following_url": "https://api.github.com/users/gbiggs/following{/other_user}", "gists_url": "https://api.github.com/users/gbiggs/gists{/gist_id}", "starred_url": "https://api.github.com/users/gbiggs/starred{/owner}{/repo}", "subscriptions_url": "https://api.github.com/users/gbiggs/subscriptions", "organizations_url": "https://api.github.com/users/gbiggs/orgs", "repos_url": "https://api.github.com/users/gbiggs/repos", "events_url": "https://api.github.com/users/gbiggs/events{/privacy}", "received_events_url": "https://api.github.com/users/gbiggs/received_events", "type": "User", "site_admin": false}, "html_url": "https://github.com/gbiggs/ros_moveit_rsj_tutorial", "description": "Tutorial text for using a manipulator with ROS, including some basic image recognition.", "fork": false, "url": "https://api.github.com/repos/gbiggs/ros_moveit_rsj_tutorial", "forks_url": "https://api.github.com/repos/gbiggs/ros_moveit_rsj_tutorial/forks", "keys_url": "https://api.github.com/repos/gbiggs/ros_moveit_rsj_tutorial/keys{/key_id}", "collaborators_url": "https://api.github.com/repos/gbiggs/ros_moveit_rsj_tutorial/collaborators{/collaborator}", "teams_url": "https://api.github.com/repos/gbiggs/ros_moveit_rsj_tutorial/teams", "hooks_url": "https://api.github.com/repos/gbiggs/ros_moveit_rsj_tutorial/hooks", "issue_events_url": "https://api.github.com/repos/gbiggs/ros_moveit_rsj_tutorial/issues/events{/number}", "events_url": "https://api.github.com/repos/gbiggs/ros_moveit_rsj_tutorial/events", "assignees_url": "https://api.github.com/repos/gbiggs/ros_moveit_rsj_tutorial/assignees{/user}", "branches_url": "https://api.github.com/repos/gbiggs/ros_moveit_rsj_tutorial/branches{/branch}", "tags_url": "https://api.github.com/repos/gbiggs/ros_moveit_rsj_tutorial/tags", "blobs_url": "https://api.github.com/repos/gbiggs/ros_moveit_rsj_tutorial/git/blobs{/sha}", "git_tags_url": "https://api.github.com/repos/gbiggs/ros_moveit_rsj_tutorial/git/tags{/sha}", "git_refs_url": "https://api.github.com/repos/gbiggs/ros_moveit_rsj_tutorial/git/refs{/sha}", "trees_url": "https://api.github.com/repos/gbiggs/ros_moveit_rsj_tutorial/git/trees{/sha}", "statuses_url": "https://api.github.com/repos/gbiggs/ros_moveit_rsj_tutorial/statuses/{sha}", "languages_url": "https://api.github.com/repos/gbiggs/ros_moveit_rsj_tutorial/languages", "stargazers_url": "https://api.github.com/repos/gbiggs/ros_moveit_rsj_tutorial/stargazers", "contributors_url": "https://api.github.com/repos/gbiggs/ros_moveit_rsj_tutorial/contributors", "subscribers_url": "https://api.github.com/repos/gbiggs/ros_moveit_rsj_tutorial/subscribers", "subscription_url": "https://api.github.com/repos/gbiggs/ros_moveit_rsj_tutorial/subscription", "commits_url": "https://api.github.com/repos/gbiggs/ros_moveit_rsj_tutorial/commits{/sha}", "git_commits_url": "https://api.github.com/repos/gbiggs/ros_moveit_rsj_tutorial/git/commits{/sha}", "comments_url": "https://api.github.com/repos/gbiggs/ros_moveit_rsj_tutorial/comments{/number}", "issue_comment_url": "https://api.github.com/repos/gbiggs/ros_moveit_rsj_tutorial/issues/comments{/number}", "contents_url": "https://api.github.com/repos/gbiggs/ros_moveit_rsj_tutorial/contents/{+path}", "compare_url": "https://api.github.com/repos/gbiggs/ros_moveit_rsj_tutorial/compare/{base}...{head}", "merges_url": "https://api.github.com/repos/gbiggs/ros_moveit_rsj_tutorial/merges", "archive_url": "https://api.github.com/repos/gbiggs/ros_moveit_rsj_tutorial/{archive_format}{/ref}", "downloads_url": "https://api.github.com/repos/gbiggs/ros_moveit_rsj_tutorial/downloads", "issues_url": "https://api.github.com/repos/gbiggs/ros_moveit_rsj_tutorial/issues{/number}", "pulls_url": "https://api.github.com/repos/gbiggs/ros_moveit_rsj_tutorial/pulls{/number}", "milestones_url": "https://api.github.com/repos/gbiggs/ros_moveit_rsj_tutorial/milestones{/number}", "notifications_url": "https://api.github.com/repos/gbiggs/ros_moveit_rsj_tutorial/notifications{?since,all,participating}", "labels_url": "https://api.github.com/repos/gbiggs/ros_moveit_rsj_tutorial/labels{/name}", "releases_url": "https://api.github.com/repos/gbiggs/ros_moveit_rsj_tutorial/releases{/id}", "deployments_url": "https://api.github.com/repos/gbiggs/ros_moveit_rsj_tutorial/deployments", "created_at": "2017-02-27T06:09:44Z", "updated_at": "2018-10-15T14:01:16Z", "pushed_at": "2017-11-11T04:56:46Z", "git_url": "git://github.com/gbiggs/ros_moveit_rsj_tutorial.git", "ssh_url": "git@github.com:gbiggs/ros_moveit_rsj_tutorial.git", "clone_url": "https://github.com/gbiggs/ros_moveit_rsj_tutorial.git", "svn_url": "https://github.com/gbiggs/ros_moveit_rsj_tutorial", "homepage": "https://gbiggs.github.io/ros_moveit_rsj_tutorial/", "size": 75907, "stargazers_count": 2, "watchers_count": 2, "language": "HTML", "has_issues": true, "has_projects": true, "has_downloads": true, "has_wiki": true, "has_pages": true, "forks_count": 4, "mirror_url": null, "archived": false, "disabled": false, "open_issues_count": 0, "license": {"key": "other", "name": "Other", "spdx_id": "NOASSERTION", "url": null, "node_id": "MDc6TGljZW5zZTA="}, "forks": 4, "open_issues": 0, "watchers": 2, "default_branch": "gh-pages", "permissions": {"admin": false, "push": false, "pull": true}, "network_count": 4, "subscribers_count": 2}, {"id": 165700202, "node_id": "MDEwOlJlcG9zaXRvcnkxNjU3MDAyMDI=", "name": "blockfactory-demo-ros", "full_name": "diegoferigo/blockfactory-demo-ros", "private": false, "owner": {"login": "diegoferigo", "id": 469199, "node_id": "MDQ6VXNlcjQ2OTE5OQ==", "avatar_url": "https://avatars1.githubusercontent.com/u/469199?v=4", "gravatar_id": "", "url": "https://api.github.com/users/diegoferigo", "html_url": "https://github.com/diegoferigo", "followers_url": "https://api.github.com/users/diegoferigo/followers", "following_url": "https://api.github.com/users/diegoferigo/following{/other_user}", "gists_url": "https://api.github.com/users/diegoferigo/gists{/gist_id}", "starred_url": "https://api.github.com/users/diegoferigo/starred{/owner}{/repo}", "subscriptions_url": "https://api.github.com/users/diegoferigo/subscriptions", "organizations_url": "https://api.github.com/users/diegoferigo/orgs", "repos_url": "https://api.github.com/users/diegoferigo/repos", "events_url": "https://api.github.com/users/diegoferigo/events{/privacy}", "received_events_url": "https://api.github.com/users/diegoferigo/received_events", "type": "User", "site_admin": false}, "html_url": "https://github.com/diegoferigo/blockfactory-demo-ros", "description": "A proof-of-concept plugin of a ROS toolbox for dataflow programming based on:", "fork": false, "url": "https://api.github.com/repos/diegoferigo/blockfactory-demo-ros", "forks_url": "https://api.github.com/repos/diegoferigo/blockfactory-demo-ros/forks", "keys_url": "https://api.github.com/repos/diegoferigo/blockfactory-demo-ros/keys{/key_id}", "collaborators_url": "https://api.github.com/repos/diegoferigo/blockfactory-demo-ros/collaborators{/collaborator}", "teams_url": "https://api.github.com/repos/diegoferigo/blockfactory-demo-ros/teams", "hooks_url": "https://api.github.com/repos/diegoferigo/blockfactory-demo-ros/hooks", "issue_events_url": "https://api.github.com/repos/diegoferigo/blockfactory-demo-ros/issues/events{/number}", "events_url": "https://api.github.com/repos/diegoferigo/blockfactory-demo-ros/events", "assignees_url": "https://api.github.com/repos/diegoferigo/blockfactory-demo-ros/assignees{/user}", "branches_url": "https://api.github.com/repos/diegoferigo/blockfactory-demo-ros/branches{/branch}", "tags_url": "https://api.github.com/repos/diegoferigo/blockfactory-demo-ros/tags", "blobs_url": "https://api.github.com/repos/diegoferigo/blockfactory-demo-ros/git/blobs{/sha}", "git_tags_url": "https://api.github.com/repos/diegoferigo/blockfactory-demo-ros/git/tags{/sha}", "git_refs_url": "https://api.github.com/repos/diegoferigo/blockfactory-demo-ros/git/refs{/sha}", "trees_url": "https://api.github.com/repos/diegoferigo/blockfactory-demo-ros/git/trees{/sha}", "statuses_url": "https://api.github.com/repos/diegoferigo/blockfactory-demo-ros/statuses/{sha}", "languages_url": "https://api.github.com/repos/diegoferigo/blockfactory-demo-ros/languages", "stargazers_url": "https://api.github.com/repos/diegoferigo/blockfactory-demo-ros/stargazers", "contributors_url": "https://api.github.com/repos/diegoferigo/blockfactory-demo-ros/contributors", "subscribers_url": "https://api.github.com/repos/diegoferigo/blockfactory-demo-ros/subscribers", "subscription_url": "https://api.github.com/repos/diegoferigo/blockfactory-demo-ros/subscription", "commits_url": "https://api.github.com/repos/diegoferigo/blockfactory-demo-ros/commits{/sha}", "git_commits_url": "https://api.github.com/repos/diegoferigo/blockfactory-demo-ros/git/commits{/sha}", "comments_url": "https://api.github.com/repos/diegoferigo/blockfactory-demo-ros/comments{/number}", "issue_comment_url": "https://api.github.com/repos/diegoferigo/blockfactory-demo-ros/issues/comments{/number}", "contents_url": "https://api.github.com/repos/diegoferigo/blockfactory-demo-ros/contents/{+path}", "compare_url": "https://api.github.com/repos/diegoferigo/blockfactory-demo-ros/compare/{base}...{head}", "merges_url": "https://api.github.com/repos/diegoferigo/blockfactory-demo-ros/merges", "archive_url": "https://api.github.com/repos/diegoferigo/blockfactory-demo-ros/{archive_format}{/ref}", "downloads_url": "https://api.github.com/repos/diegoferigo/blockfactory-demo-ros/downloads", "issues_url": "https://api.github.com/repos/diegoferigo/blockfactory-demo-ros/issues{/number}", "pulls_url": "https://api.github.com/repos/diegoferigo/blockfactory-demo-ros/pulls{/number}", "milestones_url": "https://api.github.com/repos/diegoferigo/blockfactory-demo-ros/milestones{/number}", "notifications_url": "https://api.github.com/repos/diegoferigo/blockfactory-demo-ros/notifications{?since,all,participating}", "labels_url": "https://api.github.com/repos/diegoferigo/blockfactory-demo-ros/labels{/name}", "releases_url": "https://api.github.com/repos/diegoferigo/blockfactory-demo-ros/releases{/id}", "deployments_url": "https://api.github.com/repos/diegoferigo/blockfactory-demo-ros/deployments", "created_at": "2019-01-14T17:01:17Z", "updated_at": "2019-01-30T12:02:16Z", "pushed_at": "2019-01-30T12:02:14Z", "git_url": "git://github.com/diegoferigo/blockfactory-demo-ros.git", "ssh_url": "git@github.com:diegoferigo/blockfactory-demo-ros.git", "clone_url": "https://github.com/diegoferigo/blockfactory-demo-ros.git", "svn_url": "https://github.com/diegoferigo/blockfactory-demo-ros", "homepage": "https://github.com/robotology/blockfactory", "size": 245, "stargazers_count": 3, "watchers_count": 3, "language": "C++", "has_issues": true, "has_projects": true, "has_downloads": true, "has_wiki": true, "has_pages": false, "forks_count": 0, "mirror_url": null, "archived": false, "disabled": false, "open_issues_count": 0, "license": {"key": "lgpl-2.1", "name": "GNU Lesser General Public License v2.1", "spdx_id": "LGPL-2.1", "url": "https://api.github.com/licenses/lgpl-2.1", "node_id": "MDc6TGljZW5zZTEx"}, "forks": 0, "open_issues": 0, "watchers": 3, "default_branch": "master", "permissions": {"admin": false, "push": false, "pull": true}, "network_count": 0, "subscribers_count": 2}]