[{"id": 2250285, "description": "C++ library to create Fanuc programs (.LS) for robots", "name": "fanuc_post_processor", "name_with_namespace": "InstitutMaupertuis / fanuc_post_processor", "path": "fanuc_post_processor", "path_with_namespace": "InstitutMaupertuis/fanuc_post_processor", "created_at": "2017-01-03T14:57:48.824Z", "default_branch": "melodic", "tag_list": ["Robot Operating System", "fanuc", "ros"], "ssh_url_to_repo": "git@gitlab.com:InstitutMaupertuis/fanuc_post_processor.git", "http_url_to_repo": "https://gitlab.com/InstitutMaupertuis/fanuc_post_processor.git", "web_url": "https://gitlab.com/InstitutMaupertuis/fanuc_post_processor", "readme_url": "https://gitlab.com/InstitutMaupertuis/fanuc_post_processor/blob/melodic/README.md", "avatar_url": "https://assets.gitlab-static.net/uploads/-/system/project/avatar/2250285/fanuc_post_processor.png", "star_count": 2, "forks_count": 0, "last_activity_at": "2019-04-26T09:06:24.447Z", "namespace": {"id": 487842, "name": "InstitutMaupertuis", "path": "InstitutMaupertuis", "kind": "group", "full_path": "InstitutMaupertuis", "parent_id": null}}, {"id": 2407894, "description": "Tools and programs for additive manufacturing on industrial robots", "name": "ros_additive_manufacturing", "name_with_namespace": "InstitutMaupertuis / ros_additive_manufacturing", "path": "ros_additive_manufacturing", "path_with_namespace": "InstitutMaupertuis/ros_additive_manufacturing", "created_at": "2017-01-31T08:38:18.717Z", "default_branch": "melodic", "tag_list": ["Robot Operating System", "ros"], "ssh_url_to_repo": "git@gitlab.com:InstitutMaupertuis/ros_additive_manufacturing.git", "http_url_to_repo": "https://gitlab.com/InstitutMaupertuis/ros_additive_manufacturing.git", "web_url": "https://gitlab.com/InstitutMaupertuis/ros_additive_manufacturing", "readme_url": "https://gitlab.com/InstitutMaupertuis/ros_additive_manufacturing/blob/melodic/README.md", "avatar_url": "https://assets.gitlab-static.net/uploads/-/system/project/avatar/2407894/ros_additive_manufacturing.png", "star_count": 11, "forks_count": 9, "last_activity_at": "2019-04-26T09:12:49.634Z", "namespace": {"id": 487842, "name": "InstitutMaupertuis", "path": "InstitutMaupertuis", "kind": "group", "full_path": "InstitutMaupertuis", "parent_id": null}}, {"id": 2316019, "description": "RobotDynamicsLibrary(RDL) is a c++ library for computing kinematics and dynamics. The algorithms are based upon those found in the book Rigid Body Dynamics Algorithms by Roy Featherstone", "name": "rdl", "name_with_namespace": "Jordan Lack / rdl", "path": "rdl", "path_with_namespace": "jlack/rdl", "created_at": "2017-01-15T16:03:17.282Z", "default_branch": "master", "tag_list": [], "ssh_url_to_repo": "git@gitlab.com:jlack/rdl.git", "http_url_to_repo": "https://gitlab.com/jlack/rdl.git", "web_url": "https://gitlab.com/jlack/rdl", "readme_url": "https://gitlab.com/jlack/rdl/blob/master/README.md", "avatar_url": null, "star_count": 3, "forks_count": 0, "last_activity_at": "2019-04-21T19:48:25.177Z", "namespace": {"id": 735807, "name": "jlack", "path": "jlack", "kind": "user", "full_path": "jlack", "parent_id": null}}]